"interval","sum_rank_prediction_correct","average_rank_prediction_correct","sample_size","Competition"
1,4,0.363636363636364,11,"World Cup Qualifiers, Asia"
3,7,0.368421052631579,19,"World Cup Qualifiers, Asia"
5,11,0.297297297297297,37,"World Cup Qualifiers, Asia"
7,19,0.339285714285714,56,"World Cup Qualifiers, Asia"
9,20,0.317460317460317,63,"World Cup Qualifiers, Asia"
11,29,0.367088607594937,79,"World Cup Qualifiers, Asia"
13,37,0.381443298969072,97,"World Cup Qualifiers, Asia"
15,44,0.385964912280702,114,"World Cup Qualifiers, Asia"
17,55,0.407407407407407,135,"World Cup Qualifiers, Asia"
19,65,0.427631578947368,152,"World Cup Qualifiers, Asia"
21,76,0.447058823529412,170,"World Cup Qualifiers, Asia"
23,81,0.452513966480447,179,"World Cup Qualifiers, Asia"
25,89,0.451776649746193,197,"World Cup Qualifiers, Asia"
27,102,0.467889908256881,218,"World Cup Qualifiers, Asia"
29,110,0.478260869565217,230,"World Cup Qualifiers, Asia"
31,115,0.469387755102041,245,"World Cup Qualifiers, Asia"
33,121,0.47265625,256,"World Cup Qualifiers, Asia"
35,127,0.472118959107807,269,"World Cup Qualifiers, Asia"
37,139,0.48943661971831,284,"World Cup Qualifiers, Asia"
39,147,0.5,294,"World Cup Qualifiers, Asia"
41,153,0.496753246753247,308,"World Cup Qualifiers, Asia"
43,163,0.504643962848297,323,"World Cup Qualifiers, Asia"
45,176,0.514619883040936,342,"World Cup Qualifiers, Asia"
47,187,0.518005540166205,361,"World Cup Qualifiers, Asia"
49,201,0.528947368421053,380,"World Cup Qualifiers, Asia"
51,208,0.536082474226804,388,"World Cup Qualifiers, Asia"
53,216,0.535980148883375,403,"World Cup Qualifiers, Asia"
55,228,0.546762589928058,417,"World Cup Qualifiers, Asia"
57,236,0.552693208430913,427,"World Cup Qualifiers, Asia"
59,245,0.556818181818182,440,"World Cup Qualifiers, Asia"
61,252,0.561247216035635,449,"World Cup Qualifiers, Asia"
63,263,0.568034557235421,463,"World Cup Qualifiers, Asia"
65,271,0.571729957805907,474,"World Cup Qualifiers, Asia"
67,277,0.571134020618557,485,"World Cup Qualifiers, Asia"
69,289,0.580321285140562,498,"World Cup Qualifiers, Asia"
71,300,0.588235294117647,510,"World Cup Qualifiers, Asia"
73,306,0.590733590733591,518,"World Cup Qualifiers, Asia"
75,309,0.58969465648855,524,"World Cup Qualifiers, Asia"
77,317,0.593632958801498,534,"World Cup Qualifiers, Asia"
79,321,0.595547309833024,539,"World Cup Qualifiers, Asia"
81,328,0.600732600732601,546,"World Cup Qualifiers, Asia"
83,333,0.601083032490975,554,"World Cup Qualifiers, Asia"
85,341,0.606761565836299,562,"World Cup Qualifiers, Asia"
87,345,0.608465608465608,567,"World Cup Qualifiers, Asia"
89,346,0.609154929577465,568,"World Cup Qualifiers, Asia"
91,348,0.610526315789474,570,"World Cup Qualifiers, Asia"
93,352,0.612173913043478,575,"World Cup Qualifiers, Asia"
95,360,0.617495711835334,583,"World Cup Qualifiers, Asia"
97,364,0.620102214650767,587,"World Cup Qualifiers, Asia"
99,370,0.623946037099494,593,"World Cup Qualifiers, Asia"
101,376,0.62771285475793,599,"World Cup Qualifiers, Asia"
103,378,0.627906976744186,602,"World Cup Qualifiers, Asia"
105,382,0.63036303630363,606,"World Cup Qualifiers, Asia"
107,387,0.631321370309951,613,"World Cup Qualifiers, Asia"
109,391,0.633711507293355,617,"World Cup Qualifiers, Asia"
111,395,0.636070853462158,621,"World Cup Qualifiers, Asia"
113,400,0.638977635782748,626,"World Cup Qualifiers, Asia"
115,402,0.640127388535032,628,"World Cup Qualifiers, Asia"
117,406,0.641390205371248,633,"World Cup Qualifiers, Asia"
119,407,0.641955835962145,634,"World Cup Qualifiers, Asia"
121,409,0.643081761006289,636,"World Cup Qualifiers, Asia"
123,410,0.643642072213501,637,"World Cup Qualifiers, Asia"
125,412,0.644757433489828,639,"World Cup Qualifiers, Asia"
127,414,0.645865834633385,641,"World Cup Qualifiers, Asia"
129,416,0.64696734059098,643,"World Cup Qualifiers, Asia"
131,418,0.648062015503876,645,"World Cup Qualifiers, Asia"
133,419,0.647604327666152,647,"World Cup Qualifiers, Asia"
135,419,0.647604327666152,647,"World Cup Qualifiers, Asia"
137,420,0.648148148148148,648,"World Cup Qualifiers, Asia"
139,420,0.648148148148148,648,"World Cup Qualifiers, Asia"
141,421,0.648690292758089,649,"World Cup Qualifiers, Asia"
143,422,0.649230769230769,650,"World Cup Qualifiers, Asia"
145,422,0.649230769230769,650,"World Cup Qualifiers, Asia"
147,423,0.649769585253456,651,"World Cup Qualifiers, Asia"
149,423,0.649769585253456,651,"World Cup Qualifiers, Asia"
151,423,0.649769585253456,651,"World Cup Qualifiers, Asia"
153,424,0.650306748466258,652,"World Cup Qualifiers, Asia"
155,424,0.650306748466258,652,"World Cup Qualifiers, Asia"
157,425,0.650842266462481,653,"World Cup Qualifiers, Asia"
159,425,0.650842266462481,653,"World Cup Qualifiers, Asia"
161,425,0.650842266462481,653,"World Cup Qualifiers, Asia"
163,426,0.651376146788991,654,"World Cup Qualifiers, Asia"
165,428,0.652439024390244,656,"World Cup Qualifiers, Asia"
167,428,0.652439024390244,656,"World Cup Qualifiers, Asia"
169,428,0.652439024390244,656,"World Cup Qualifiers, Asia"
171,428,0.652439024390244,656,"World Cup Qualifiers, Asia"
173,428,0.652439024390244,656,"World Cup Qualifiers, Asia"
175,428,0.652439024390244,656,"World Cup Qualifiers, Asia"
177,428,0.652439024390244,656,"World Cup Qualifiers, Asia"
179,428,0.652439024390244,656,"World Cup Qualifiers, Asia"
181,428,0.652439024390244,656,"World Cup Qualifiers, Asia"
183,428,0.652439024390244,656,"World Cup Qualifiers, Asia"
185,428,0.652439024390244,656,"World Cup Qualifiers, Asia"
187,428,0.652439024390244,656,"World Cup Qualifiers, Asia"
189,428,0.652439024390244,656,"World Cup Qualifiers, Asia"
191,428,0.652439024390244,656,"World Cup Qualifiers, Asia"
193,428,0.652439024390244,656,"World Cup Qualifiers, Asia"
195,428,0.652439024390244,656,"World Cup Qualifiers, Asia"
197,428,0.652439024390244,656,"World Cup Qualifiers, Asia"
199,428,0.652439024390244,656,"World Cup Qualifiers, Asia"
201,428,0.652439024390244,656,"World Cup Qualifiers, Asia"
203,428,0.652439024390244,656,"World Cup Qualifiers, Asia"
205,428,0.652439024390244,656,"World Cup Qualifiers, Asia"
207,428,0.652439024390244,656,"World Cup Qualifiers, Asia"
209,428,0.652439024390244,656,"World Cup Qualifiers, Asia"
1,2,0.222222222222222,9,"World Cup Qualifiers, Africa"
3,3,0.166666666666667,18,"World Cup Qualifiers, Africa"
5,10,0.344827586206897,29,"World Cup Qualifiers, Africa"
7,12,0.342857142857143,35,"World Cup Qualifiers, Africa"
9,15,0.357142857142857,42,"World Cup Qualifiers, Africa"
11,23,0.383333333333333,60,"World Cup Qualifiers, Africa"
13,27,0.391304347826087,69,"World Cup Qualifiers, Africa"
15,31,0.378048780487805,82,"World Cup Qualifiers, Africa"
17,37,0.37,100,"World Cup Qualifiers, Africa"
19,45,0.401785714285714,112,"World Cup Qualifiers, Africa"
21,52,0.403100775193798,129,"World Cup Qualifiers, Africa"
23,57,0.401408450704225,142,"World Cup Qualifiers, Africa"
25,65,0.414012738853503,157,"World Cup Qualifiers, Africa"
27,66,0.407407407407407,162,"World Cup Qualifiers, Africa"
29,71,0.408045977011494,174,"World Cup Qualifiers, Africa"
31,76,0.404255319148936,188,"World Cup Qualifiers, Africa"
33,81,0.409090909090909,198,"World Cup Qualifiers, Africa"
35,89,0.41588785046729,214,"World Cup Qualifiers, Africa"
37,95,0.424107142857143,224,"World Cup Qualifiers, Africa"
39,102,0.435897435897436,234,"World Cup Qualifiers, Africa"
41,107,0.442148760330579,242,"World Cup Qualifiers, Africa"
43,120,0.461538461538462,260,"World Cup Qualifiers, Africa"
45,121,0.460076045627376,263,"World Cup Qualifiers, Africa"
47,125,0.454545454545455,275,"World Cup Qualifiers, Africa"
49,127,0.447183098591549,284,"World Cup Qualifiers, Africa"
51,129,0.444827586206897,290,"World Cup Qualifiers, Africa"
53,136,0.448844884488449,303,"World Cup Qualifiers, Africa"
55,140,0.447284345047923,313,"World Cup Qualifiers, Africa"
57,147,0.452307692307692,325,"World Cup Qualifiers, Africa"
59,152,0.459214501510574,331,"World Cup Qualifiers, Africa"
61,162,0.469565217391304,345,"World Cup Qualifiers, Africa"
63,172,0.484507042253521,355,"World Cup Qualifiers, Africa"
65,180,0.494505494505495,364,"World Cup Qualifiers, Africa"
67,186,0.501347708894879,371,"World Cup Qualifiers, Africa"
69,189,0.5,378,"World Cup Qualifiers, Africa"
71,195,0.503875968992248,387,"World Cup Qualifiers, Africa"
73,204,0.513853904282116,397,"World Cup Qualifiers, Africa"
75,204,0.513853904282116,397,"World Cup Qualifiers, Africa"
77,206,0.515,400,"World Cup Qualifiers, Africa"
79,211,0.515892420537897,409,"World Cup Qualifiers, Africa"
81,216,0.519230769230769,416,"World Cup Qualifiers, Africa"
83,219,0.521428571428571,420,"World Cup Qualifiers, Africa"
85,223,0.51981351981352,429,"World Cup Qualifiers, Africa"
87,227,0.523041474654378,434,"World Cup Qualifiers, Africa"
89,230,0.525114155251142,438,"World Cup Qualifiers, Africa"
91,235,0.528089887640449,445,"World Cup Qualifiers, Africa"
93,236,0.526785714285714,448,"World Cup Qualifiers, Africa"
95,238,0.528888888888889,450,"World Cup Qualifiers, Africa"
97,239,0.528761061946903,452,"World Cup Qualifiers, Africa"
99,239,0.526431718061674,454,"World Cup Qualifiers, Africa"
101,240,0.527472527472527,455,"World Cup Qualifiers, Africa"
103,240,0.527472527472527,455,"World Cup Qualifiers, Africa"
105,242,0.529540481400438,457,"World Cup Qualifiers, Africa"
107,244,0.531590413943355,459,"World Cup Qualifiers, Africa"
109,247,0.533477321814255,463,"World Cup Qualifiers, Africa"
111,248,0.53448275862069,464,"World Cup Qualifiers, Africa"
113,248,0.532188841201717,466,"World Cup Qualifiers, Africa"
115,250,0.533049040511727,469,"World Cup Qualifiers, Africa"
117,251,0.534042553191489,470,"World Cup Qualifiers, Africa"
119,251,0.534042553191489,470,"World Cup Qualifiers, Africa"
121,251,0.534042553191489,470,"World Cup Qualifiers, Africa"
123,253,0.536016949152542,472,"World Cup Qualifiers, Africa"
125,253,0.536016949152542,472,"World Cup Qualifiers, Africa"
127,253,0.536016949152542,472,"World Cup Qualifiers, Africa"
129,253,0.536016949152542,472,"World Cup Qualifiers, Africa"
131,255,0.536842105263158,475,"World Cup Qualifiers, Africa"
133,257,0.538784067085954,477,"World Cup Qualifiers, Africa"
135,258,0.539748953974895,478,"World Cup Qualifiers, Africa"
137,258,0.539748953974895,478,"World Cup Qualifiers, Africa"
139,258,0.539748953974895,478,"World Cup Qualifiers, Africa"
141,259,0.54070981210856,479,"World Cup Qualifiers, Africa"
143,260,0.541666666666667,480,"World Cup Qualifiers, Africa"
145,260,0.541666666666667,480,"World Cup Qualifiers, Africa"
147,262,0.542443064182195,483,"World Cup Qualifiers, Africa"
149,263,0.543388429752066,484,"World Cup Qualifiers, Africa"
151,263,0.543388429752066,484,"World Cup Qualifiers, Africa"
153,264,0.544329896907216,485,"World Cup Qualifiers, Africa"
155,266,0.546201232032854,487,"World Cup Qualifiers, Africa"
157,266,0.546201232032854,487,"World Cup Qualifiers, Africa"
159,267,0.547131147540984,488,"World Cup Qualifiers, Africa"
161,267,0.547131147540984,488,"World Cup Qualifiers, Africa"
163,268,0.548057259713701,489,"World Cup Qualifiers, Africa"
165,268,0.548057259713701,489,"World Cup Qualifiers, Africa"
167,268,0.548057259713701,489,"World Cup Qualifiers, Africa"
169,268,0.548057259713701,489,"World Cup Qualifiers, Africa"
171,268,0.548057259713701,489,"World Cup Qualifiers, Africa"
173,268,0.548057259713701,489,"World Cup Qualifiers, Africa"
175,268,0.548057259713701,489,"World Cup Qualifiers, Africa"
177,268,0.548057259713701,489,"World Cup Qualifiers, Africa"
179,268,0.548057259713701,489,"World Cup Qualifiers, Africa"
181,268,0.548057259713701,489,"World Cup Qualifiers, Africa"
183,268,0.548057259713701,489,"World Cup Qualifiers, Africa"
185,268,0.548057259713701,489,"World Cup Qualifiers, Africa"
187,268,0.548057259713701,489,"World Cup Qualifiers, Africa"
189,268,0.548057259713701,489,"World Cup Qualifiers, Africa"
191,268,0.548057259713701,489,"World Cup Qualifiers, Africa"
193,268,0.548057259713701,489,"World Cup Qualifiers, Africa"
195,268,0.548057259713701,489,"World Cup Qualifiers, Africa"
197,268,0.548057259713701,489,"World Cup Qualifiers, Africa"
199,268,0.548057259713701,489,"World Cup Qualifiers, Africa"
201,268,0.548057259713701,489,"World Cup Qualifiers, Africa"
203,268,0.548057259713701,489,"World Cup Qualifiers, Africa"
205,268,0.548057259713701,489,"World Cup Qualifiers, Africa"
207,268,0.548057259713701,489,"World Cup Qualifiers, Africa"
209,268,0.548057259713701,489,"World Cup Qualifiers, Africa"
1,2,0.333333333333333,6,"Africa Cup of Nations, Qualifiers"
3,7,0.35,20,"Africa Cup of Nations, Qualifiers"
5,13,0.433333333333333,30,"Africa Cup of Nations, Qualifiers"
7,17,0.425,40,"Africa Cup of Nations, Qualifiers"
9,19,0.38,50,"Africa Cup of Nations, Qualifiers"
11,20,0.363636363636364,55,"Africa Cup of Nations, Qualifiers"
13,26,0.388059701492537,67,"Africa Cup of Nations, Qualifiers"
15,33,0.402439024390244,82,"Africa Cup of Nations, Qualifiers"
17,43,0.443298969072165,97,"Africa Cup of Nations, Qualifiers"
19,49,0.415254237288136,118,"Africa Cup of Nations, Qualifiers"
21,58,0.42962962962963,135,"Africa Cup of Nations, Qualifiers"
23,63,0.4375,144,"Africa Cup of Nations, Qualifiers"
25,75,0.43859649122807,171,"Africa Cup of Nations, Qualifiers"
27,82,0.438502673796791,187,"Africa Cup of Nations, Qualifiers"
29,86,0.425742574257426,202,"Africa Cup of Nations, Qualifiers"
31,99,0.443946188340807,223,"Africa Cup of Nations, Qualifiers"
33,102,0.435897435897436,234,"Africa Cup of Nations, Qualifiers"
35,110,0.438247011952191,251,"Africa Cup of Nations, Qualifiers"
37,116,0.43609022556391,266,"Africa Cup of Nations, Qualifiers"
39,123,0.440860215053763,279,"Africa Cup of Nations, Qualifiers"
41,131,0.442567567567568,296,"Africa Cup of Nations, Qualifiers"
43,139,0.445512820512821,312,"Africa Cup of Nations, Qualifiers"
45,148,0.44578313253012,332,"Africa Cup of Nations, Qualifiers"
47,162,0.458923512747875,353,"Africa Cup of Nations, Qualifiers"
49,165,0.458333333333333,360,"Africa Cup of Nations, Qualifiers"
51,180,0.469973890339426,383,"Africa Cup of Nations, Qualifiers"
53,187,0.474619289340102,394,"Africa Cup of Nations, Qualifiers"
55,194,0.473170731707317,410,"Africa Cup of Nations, Qualifiers"
57,201,0.479713603818616,419,"Africa Cup of Nations, Qualifiers"
59,207,0.480278422273782,431,"Africa Cup of Nations, Qualifiers"
61,216,0.485393258426966,445,"Africa Cup of Nations, Qualifiers"
63,222,0.490066225165563,453,"Africa Cup of Nations, Qualifiers"
65,226,0.491304347826087,460,"Africa Cup of Nations, Qualifiers"
67,229,0.490364025695931,467,"Africa Cup of Nations, Qualifiers"
69,234,0.490566037735849,477,"Africa Cup of Nations, Qualifiers"
71,245,0.495951417004049,494,"Africa Cup of Nations, Qualifiers"
73,254,0.49901768172888,509,"Africa Cup of Nations, Qualifiers"
75,258,0.500970873786408,515,"Africa Cup of Nations, Qualifiers"
77,263,0.501908396946565,524,"Africa Cup of Nations, Qualifiers"
79,267,0.502824858757062,531,"Africa Cup of Nations, Qualifiers"
81,273,0.502762430939227,543,"Africa Cup of Nations, Qualifiers"
83,285,0.508021390374332,561,"Africa Cup of Nations, Qualifiers"
85,289,0.508802816901408,568,"Africa Cup of Nations, Qualifiers"
87,296,0.507718696397942,583,"Africa Cup of Nations, Qualifiers"
89,299,0.507640067911715,589,"Africa Cup of Nations, Qualifiers"
91,304,0.508361204013378,598,"Africa Cup of Nations, Qualifiers"
93,306,0.507462686567164,603,"Africa Cup of Nations, Qualifiers"
95,309,0.509060955518946,607,"Africa Cup of Nations, Qualifiers"
97,316,0.512987012987013,616,"Africa Cup of Nations, Qualifiers"
99,323,0.517628205128205,624,"Africa Cup of Nations, Qualifiers"
101,329,0.522222222222222,630,"Africa Cup of Nations, Qualifiers"
103,335,0.524256651017214,639,"Africa Cup of Nations, Qualifiers"
105,342,0.528593508500773,647,"Africa Cup of Nations, Qualifiers"
107,348,0.530487804878049,656,"Africa Cup of Nations, Qualifiers"
109,355,0.533834586466165,665,"Africa Cup of Nations, Qualifiers"
111,358,0.535928143712575,668,"Africa Cup of Nations, Qualifiers"
113,359,0.535022354694486,671,"Africa Cup of Nations, Qualifiers"
115,361,0.536404160475483,673,"Africa Cup of Nations, Qualifiers"
117,366,0.538235294117647,680,"Africa Cup of Nations, Qualifiers"
119,368,0.539589442815249,682,"Africa Cup of Nations, Qualifiers"
121,369,0.538686131386861,685,"Africa Cup of Nations, Qualifiers"
123,370,0.53935860058309,686,"Africa Cup of Nations, Qualifiers"
125,372,0.540697674418605,688,"Africa Cup of Nations, Qualifiers"
127,374,0.541244573082489,691,"Africa Cup of Nations, Qualifiers"
129,376,0.542568542568543,693,"Africa Cup of Nations, Qualifiers"
131,376,0.542568542568543,693,"Africa Cup of Nations, Qualifiers"
133,376,0.54178674351585,694,"Africa Cup of Nations, Qualifiers"
135,377,0.542446043165468,695,"Africa Cup of Nations, Qualifiers"
137,378,0.54232424677188,697,"Africa Cup of Nations, Qualifiers"
139,379,0.54297994269341,698,"Africa Cup of Nations, Qualifiers"
141,379,0.54297994269341,698,"Africa Cup of Nations, Qualifiers"
143,381,0.544285714285714,700,"Africa Cup of Nations, Qualifiers"
145,382,0.544935805991441,701,"Africa Cup of Nations, Qualifiers"
147,383,0.545584045584046,702,"Africa Cup of Nations, Qualifiers"
149,384,0.546230440967283,703,"Africa Cup of Nations, Qualifiers"
151,385,0.546875,704,"Africa Cup of Nations, Qualifiers"
153,386,0.547517730496454,705,"Africa Cup of Nations, Qualifiers"
155,386,0.547517730496454,705,"Africa Cup of Nations, Qualifiers"
157,386,0.547517730496454,705,"Africa Cup of Nations, Qualifiers"
159,387,0.548158640226629,706,"Africa Cup of Nations, Qualifiers"
161,387,0.548158640226629,706,"Africa Cup of Nations, Qualifiers"
163,387,0.548158640226629,706,"Africa Cup of Nations, Qualifiers"
165,387,0.548158640226629,706,"Africa Cup of Nations, Qualifiers"
167,388,0.548797736916549,707,"Africa Cup of Nations, Qualifiers"
169,388,0.548797736916549,707,"Africa Cup of Nations, Qualifiers"
171,388,0.548797736916549,707,"Africa Cup of Nations, Qualifiers"
173,388,0.548797736916549,707,"Africa Cup of Nations, Qualifiers"
175,388,0.548797736916549,707,"Africa Cup of Nations, Qualifiers"
177,388,0.548797736916549,707,"Africa Cup of Nations, Qualifiers"
179,389,0.549435028248588,708,"Africa Cup of Nations, Qualifiers"
181,389,0.549435028248588,708,"Africa Cup of Nations, Qualifiers"
183,389,0.549435028248588,708,"Africa Cup of Nations, Qualifiers"
185,389,0.549435028248588,708,"Africa Cup of Nations, Qualifiers"
187,389,0.549435028248588,708,"Africa Cup of Nations, Qualifiers"
189,389,0.549435028248588,708,"Africa Cup of Nations, Qualifiers"
191,389,0.549435028248588,708,"Africa Cup of Nations, Qualifiers"
193,389,0.549435028248588,708,"Africa Cup of Nations, Qualifiers"
195,389,0.549435028248588,708,"Africa Cup of Nations, Qualifiers"
197,389,0.549435028248588,708,"Africa Cup of Nations, Qualifiers"
199,389,0.549435028248588,708,"Africa Cup of Nations, Qualifiers"
201,389,0.549435028248588,708,"Africa Cup of Nations, Qualifiers"
203,389,0.549435028248588,708,"Africa Cup of Nations, Qualifiers"
205,389,0.549435028248588,708,"Africa Cup of Nations, Qualifiers"
207,389,0.549435028248588,708,"Africa Cup of Nations, Qualifiers"
209,389,0.549435028248588,708,"Africa Cup of Nations, Qualifiers"
1,2,0.285714285714286,7,"World Cup Qualifiers, CONCACAF"
3,6,0.31578947368421,19,"World Cup Qualifiers, CONCACAF"
5,10,0.32258064516129,31,"World Cup Qualifiers, CONCACAF"
7,16,0.340425531914894,47,"World Cup Qualifiers, CONCACAF"
9,21,0.362068965517241,58,"World Cup Qualifiers, CONCACAF"
11,24,0.358208955223881,67,"World Cup Qualifiers, CONCACAF"
13,28,0.373333333333333,75,"World Cup Qualifiers, CONCACAF"
15,33,0.392857142857143,84,"World Cup Qualifiers, CONCACAF"
17,40,0.43010752688172,93,"World Cup Qualifiers, CONCACAF"
19,44,0.431372549019608,102,"World Cup Qualifiers, CONCACAF"
21,50,0.43859649122807,114,"World Cup Qualifiers, CONCACAF"
23,61,0.451851851851852,135,"World Cup Qualifiers, CONCACAF"
25,71,0.482993197278912,147,"World Cup Qualifiers, CONCACAF"
27,76,0.477987421383648,159,"World Cup Qualifiers, CONCACAF"
29,79,0.481707317073171,164,"World Cup Qualifiers, CONCACAF"
31,84,0.48,175,"World Cup Qualifiers, CONCACAF"
33,94,0.502673796791444,187,"World Cup Qualifiers, CONCACAF"
35,98,0.505154639175258,194,"World Cup Qualifiers, CONCACAF"
37,103,0.50990099009901,202,"World Cup Qualifiers, CONCACAF"
39,106,0.502369668246445,211,"World Cup Qualifiers, CONCACAF"
41,111,0.504545454545455,220,"World Cup Qualifiers, CONCACAF"
43,118,0.51304347826087,230,"World Cup Qualifiers, CONCACAF"
45,121,0.517094017094017,234,"World Cup Qualifiers, CONCACAF"
47,126,0.516393442622951,244,"World Cup Qualifiers, CONCACAF"
49,131,0.52191235059761,251,"World Cup Qualifiers, CONCACAF"
51,138,0.532818532818533,259,"World Cup Qualifiers, CONCACAF"
53,141,0.536121673003802,263,"World Cup Qualifiers, CONCACAF"
55,148,0.542124542124542,273,"World Cup Qualifiers, CONCACAF"
57,152,0.542857142857143,280,"World Cup Qualifiers, CONCACAF"
59,160,0.55363321799308,289,"World Cup Qualifiers, CONCACAF"
61,162,0.554794520547945,292,"World Cup Qualifiers, CONCACAF"
63,164,0.55593220338983,295,"World Cup Qualifiers, CONCACAF"
65,172,0.563934426229508,305,"World Cup Qualifiers, CONCACAF"
67,178,0.57051282051282,312,"World Cup Qualifiers, CONCACAF"
69,179,0.571884984025559,313,"World Cup Qualifiers, CONCACAF"
71,185,0.574534161490683,322,"World Cup Qualifiers, CONCACAF"
73,185,0.572755417956656,323,"World Cup Qualifiers, CONCACAF"
75,189,0.577981651376147,327,"World Cup Qualifiers, CONCACAF"
77,191,0.578787878787879,330,"World Cup Qualifiers, CONCACAF"
79,193,0.581325301204819,332,"World Cup Qualifiers, CONCACAF"
81,195,0.583832335329341,334,"World Cup Qualifiers, CONCACAF"
83,196,0.585074626865672,335,"World Cup Qualifiers, CONCACAF"
85,200,0.589970501474926,339,"World Cup Qualifiers, CONCACAF"
87,203,0.591836734693878,343,"World Cup Qualifiers, CONCACAF"
89,203,0.591836734693878,343,"World Cup Qualifiers, CONCACAF"
91,204,0.593023255813954,344,"World Cup Qualifiers, CONCACAF"
93,207,0.596541786743516,347,"World Cup Qualifiers, CONCACAF"
95,208,0.597701149425287,348,"World Cup Qualifiers, CONCACAF"
97,212,0.602272727272727,352,"World Cup Qualifiers, CONCACAF"
99,215,0.603932584269663,356,"World Cup Qualifiers, CONCACAF"
101,215,0.603932584269663,356,"World Cup Qualifiers, CONCACAF"
103,217,0.604456824512535,359,"World Cup Qualifiers, CONCACAF"
105,218,0.605555555555556,360,"World Cup Qualifiers, CONCACAF"
107,219,0.606648199445983,361,"World Cup Qualifiers, CONCACAF"
109,219,0.604972375690608,362,"World Cup Qualifiers, CONCACAF"
111,219,0.604972375690608,362,"World Cup Qualifiers, CONCACAF"
113,219,0.603305785123967,363,"World Cup Qualifiers, CONCACAF"
115,219,0.603305785123967,363,"World Cup Qualifiers, CONCACAF"
117,220,0.604395604395604,364,"World Cup Qualifiers, CONCACAF"
119,220,0.604395604395604,364,"World Cup Qualifiers, CONCACAF"
121,221,0.605479452054794,365,"World Cup Qualifiers, CONCACAF"
123,223,0.607629427792916,367,"World Cup Qualifiers, CONCACAF"
125,223,0.607629427792916,367,"World Cup Qualifiers, CONCACAF"
127,223,0.607629427792916,367,"World Cup Qualifiers, CONCACAF"
129,223,0.607629427792916,367,"World Cup Qualifiers, CONCACAF"
131,225,0.609756097560976,369,"World Cup Qualifiers, CONCACAF"
133,226,0.610810810810811,370,"World Cup Qualifiers, CONCACAF"
135,227,0.611859838274933,371,"World Cup Qualifiers, CONCACAF"
137,227,0.611859838274933,371,"World Cup Qualifiers, CONCACAF"
139,228,0.612903225806452,372,"World Cup Qualifiers, CONCACAF"
141,228,0.612903225806452,372,"World Cup Qualifiers, CONCACAF"
143,228,0.612903225806452,372,"World Cup Qualifiers, CONCACAF"
145,228,0.612903225806452,372,"World Cup Qualifiers, CONCACAF"
147,228,0.612903225806452,372,"World Cup Qualifiers, CONCACAF"
149,228,0.612903225806452,372,"World Cup Qualifiers, CONCACAF"
151,228,0.612903225806452,372,"World Cup Qualifiers, CONCACAF"
153,228,0.612903225806452,372,"World Cup Qualifiers, CONCACAF"
155,228,0.612903225806452,372,"World Cup Qualifiers, CONCACAF"
157,228,0.612903225806452,372,"World Cup Qualifiers, CONCACAF"
159,228,0.612903225806452,372,"World Cup Qualifiers, CONCACAF"
161,228,0.612903225806452,372,"World Cup Qualifiers, CONCACAF"
163,228,0.612903225806452,372,"World Cup Qualifiers, CONCACAF"
165,228,0.612903225806452,372,"World Cup Qualifiers, CONCACAF"
167,228,0.612903225806452,372,"World Cup Qualifiers, CONCACAF"
169,228,0.612903225806452,372,"World Cup Qualifiers, CONCACAF"
171,228,0.612903225806452,372,"World Cup Qualifiers, CONCACAF"
173,228,0.612903225806452,372,"World Cup Qualifiers, CONCACAF"
175,228,0.612903225806452,372,"World Cup Qualifiers, CONCACAF"
177,228,0.612903225806452,372,"World Cup Qualifiers, CONCACAF"
179,228,0.612903225806452,372,"World Cup Qualifiers, CONCACAF"
181,228,0.612903225806452,372,"World Cup Qualifiers, CONCACAF"
183,228,0.612903225806452,372,"World Cup Qualifiers, CONCACAF"
185,228,0.612903225806452,372,"World Cup Qualifiers, CONCACAF"
187,228,0.612903225806452,372,"World Cup Qualifiers, CONCACAF"
189,228,0.612903225806452,372,"World Cup Qualifiers, CONCACAF"
191,228,0.612903225806452,372,"World Cup Qualifiers, CONCACAF"
193,228,0.612903225806452,372,"World Cup Qualifiers, CONCACAF"
195,228,0.612903225806452,372,"World Cup Qualifiers, CONCACAF"
197,228,0.612903225806452,372,"World Cup Qualifiers, CONCACAF"
199,228,0.612903225806452,372,"World Cup Qualifiers, CONCACAF"
201,228,0.612903225806452,372,"World Cup Qualifiers, CONCACAF"
203,228,0.612903225806452,372,"World Cup Qualifiers, CONCACAF"
205,228,0.612903225806452,372,"World Cup Qualifiers, CONCACAF"
207,228,0.612903225806452,372,"World Cup Qualifiers, CONCACAF"
209,228,0.612903225806452,372,"World Cup Qualifiers, CONCACAF"
1,1,0.333333333333333,3,"World Cup Qualifiers, CONMEBOL"
3,8,0.533333333333333,15,"World Cup Qualifiers, CONMEBOL"
5,15,0.483870967741935,31,"World Cup Qualifiers, CONMEBOL"
7,22,0.468085106382979,47,"World Cup Qualifiers, CONMEBOL"
9,25,0.446428571428571,56,"World Cup Qualifiers, CONMEBOL"
11,32,0.463768115942029,69,"World Cup Qualifiers, CONMEBOL"
13,39,0.493670886075949,79,"World Cup Qualifiers, CONMEBOL"
15,46,0.511111111111111,90,"World Cup Qualifiers, CONMEBOL"
17,49,0.5,98,"World Cup Qualifiers, CONMEBOL"
19,59,0.526785714285714,112,"World Cup Qualifiers, CONMEBOL"
21,63,0.520661157024793,121,"World Cup Qualifiers, CONMEBOL"
23,66,0.511627906976744,129,"World Cup Qualifiers, CONMEBOL"
25,69,0.514925373134328,134,"World Cup Qualifiers, CONMEBOL"
27,75,0.528169014084507,142,"World Cup Qualifiers, CONMEBOL"
29,80,0.529801324503311,151,"World Cup Qualifiers, CONMEBOL"
31,88,0.546583850931677,161,"World Cup Qualifiers, CONMEBOL"
33,91,0.548192771084337,166,"World Cup Qualifiers, CONMEBOL"
35,93,0.53757225433526,173,"World Cup Qualifiers, CONMEBOL"
37,95,0.527777777777778,180,"World Cup Qualifiers, CONMEBOL"
39,96,0.530386740331492,181,"World Cup Qualifiers, CONMEBOL"
41,100,0.531914893617021,188,"World Cup Qualifiers, CONMEBOL"
43,103,0.536458333333333,192,"World Cup Qualifiers, CONMEBOL"
45,105,0.527638190954774,199,"World Cup Qualifiers, CONMEBOL"
47,108,0.532019704433498,203,"World Cup Qualifiers, CONMEBOL"
49,111,0.536231884057971,207,"World Cup Qualifiers, CONMEBOL"
51,113,0.535545023696682,211,"World Cup Qualifiers, CONMEBOL"
53,115,0.537383177570093,214,"World Cup Qualifiers, CONMEBOL"
55,119,0.545871559633027,218,"World Cup Qualifiers, CONMEBOL"
57,121,0.547511312217195,221,"World Cup Qualifiers, CONMEBOL"
59,121,0.545045045045045,222,"World Cup Qualifiers, CONMEBOL"
61,121,0.537777777777778,225,"World Cup Qualifiers, CONMEBOL"
63,123,0.534782608695652,230,"World Cup Qualifiers, CONMEBOL"
65,124,0.53448275862069,232,"World Cup Qualifiers, CONMEBOL"
67,125,0.531914893617021,235,"World Cup Qualifiers, CONMEBOL"
69,126,0.533898305084746,236,"World Cup Qualifiers, CONMEBOL"
71,129,0.539748953974895,239,"World Cup Qualifiers, CONMEBOL"
73,130,0.541666666666667,240,"World Cup Qualifiers, CONMEBOL"
75,132,0.545454545454545,242,"World Cup Qualifiers, CONMEBOL"
77,135,0.551020408163265,245,"World Cup Qualifiers, CONMEBOL"
79,135,0.551020408163265,245,"World Cup Qualifiers, CONMEBOL"
81,135,0.551020408163265,245,"World Cup Qualifiers, CONMEBOL"
83,135,0.551020408163265,245,"World Cup Qualifiers, CONMEBOL"
85,135,0.551020408163265,245,"World Cup Qualifiers, CONMEBOL"
87,135,0.551020408163265,245,"World Cup Qualifiers, CONMEBOL"
89,135,0.548780487804878,246,"World Cup Qualifiers, CONMEBOL"
91,136,0.550607287449393,247,"World Cup Qualifiers, CONMEBOL"
93,136,0.550607287449393,247,"World Cup Qualifiers, CONMEBOL"
95,137,0.55241935483871,248,"World Cup Qualifiers, CONMEBOL"
97,137,0.550200803212851,249,"World Cup Qualifiers, CONMEBOL"
99,137,0.550200803212851,249,"World Cup Qualifiers, CONMEBOL"
101,137,0.550200803212851,249,"World Cup Qualifiers, CONMEBOL"
103,137,0.550200803212851,249,"World Cup Qualifiers, CONMEBOL"
105,138,0.549800796812749,251,"World Cup Qualifiers, CONMEBOL"
107,138,0.549800796812749,251,"World Cup Qualifiers, CONMEBOL"
109,138,0.549800796812749,251,"World Cup Qualifiers, CONMEBOL"
111,138,0.549800796812749,251,"World Cup Qualifiers, CONMEBOL"
113,138,0.549800796812749,251,"World Cup Qualifiers, CONMEBOL"
115,138,0.549800796812749,251,"World Cup Qualifiers, CONMEBOL"
117,138,0.549800796812749,251,"World Cup Qualifiers, CONMEBOL"
119,138,0.549800796812749,251,"World Cup Qualifiers, CONMEBOL"
121,138,0.549800796812749,251,"World Cup Qualifiers, CONMEBOL"
123,138,0.549800796812749,251,"World Cup Qualifiers, CONMEBOL"
125,138,0.549800796812749,251,"World Cup Qualifiers, CONMEBOL"
127,138,0.549800796812749,251,"World Cup Qualifiers, CONMEBOL"
129,138,0.549800796812749,251,"World Cup Qualifiers, CONMEBOL"
131,138,0.549800796812749,251,"World Cup Qualifiers, CONMEBOL"
133,138,0.549800796812749,251,"World Cup Qualifiers, CONMEBOL"
135,138,0.549800796812749,251,"World Cup Qualifiers, CONMEBOL"
137,138,0.549800796812749,251,"World Cup Qualifiers, CONMEBOL"
139,138,0.549800796812749,251,"World Cup Qualifiers, CONMEBOL"
141,138,0.549800796812749,251,"World Cup Qualifiers, CONMEBOL"
143,138,0.549800796812749,251,"World Cup Qualifiers, CONMEBOL"
145,138,0.549800796812749,251,"World Cup Qualifiers, CONMEBOL"
147,138,0.549800796812749,251,"World Cup Qualifiers, CONMEBOL"
149,138,0.549800796812749,251,"World Cup Qualifiers, CONMEBOL"
151,138,0.549800796812749,251,"World Cup Qualifiers, CONMEBOL"
153,138,0.549800796812749,251,"World Cup Qualifiers, CONMEBOL"
155,138,0.549800796812749,251,"World Cup Qualifiers, CONMEBOL"
157,138,0.549800796812749,251,"World Cup Qualifiers, CONMEBOL"
159,138,0.549800796812749,251,"World Cup Qualifiers, CONMEBOL"
161,138,0.549800796812749,251,"World Cup Qualifiers, CONMEBOL"
163,138,0.549800796812749,251,"World Cup Qualifiers, CONMEBOL"
165,138,0.549800796812749,251,"World Cup Qualifiers, CONMEBOL"
167,138,0.549800796812749,251,"World Cup Qualifiers, CONMEBOL"
169,138,0.549800796812749,251,"World Cup Qualifiers, CONMEBOL"
171,138,0.549800796812749,251,"World Cup Qualifiers, CONMEBOL"
173,138,0.549800796812749,251,"World Cup Qualifiers, CONMEBOL"
175,138,0.549800796812749,251,"World Cup Qualifiers, CONMEBOL"
177,138,0.549800796812749,251,"World Cup Qualifiers, CONMEBOL"
179,138,0.549800796812749,251,"World Cup Qualifiers, CONMEBOL"
181,138,0.549800796812749,251,"World Cup Qualifiers, CONMEBOL"
183,138,0.549800796812749,251,"World Cup Qualifiers, CONMEBOL"
185,138,0.549800796812749,251,"World Cup Qualifiers, CONMEBOL"
187,138,0.549800796812749,251,"World Cup Qualifiers, CONMEBOL"
189,138,0.549800796812749,251,"World Cup Qualifiers, CONMEBOL"
191,138,0.549800796812749,251,"World Cup Qualifiers, CONMEBOL"
193,138,0.549800796812749,251,"World Cup Qualifiers, CONMEBOL"
195,138,0.549800796812749,251,"World Cup Qualifiers, CONMEBOL"
197,138,0.549800796812749,251,"World Cup Qualifiers, CONMEBOL"
199,138,0.549800796812749,251,"World Cup Qualifiers, CONMEBOL"
201,138,0.549800796812749,251,"World Cup Qualifiers, CONMEBOL"
203,138,0.549800796812749,251,"World Cup Qualifiers, CONMEBOL"
205,138,0.549800796812749,251,"World Cup Qualifiers, CONMEBOL"
207,138,0.549800796812749,251,"World Cup Qualifiers, CONMEBOL"
209,138,0.549800796812749,251,"World Cup Qualifiers, CONMEBOL"
1,2,0.333333333333333,6,"Euros, Qualifiers"
3,14,0.482758620689655,29,"Euros, Qualifiers"
5,22,0.5,44,"Euros, Qualifiers"
7,28,0.518518518518518,54,"Euros, Qualifiers"
9,33,0.523809523809524,63,"Euros, Qualifiers"
11,41,0.482352941176471,85,"Euros, Qualifiers"
13,46,0.5,92,"Euros, Qualifiers"
15,52,0.5,104,"Euros, Qualifiers"
17,61,0.516949152542373,118,"Euros, Qualifiers"
19,68,0.507462686567164,134,"Euros, Qualifiers"
21,79,0.512987012987013,154,"Euros, Qualifiers"
23,86,0.511904761904762,168,"Euros, Qualifiers"
25,91,0.505555555555556,180,"Euros, Qualifiers"
27,96,0.516129032258065,186,"Euros, Qualifiers"
29,104,0.517412935323383,201,"Euros, Qualifiers"
31,107,0.507109004739337,211,"Euros, Qualifiers"
33,113,0.502222222222222,225,"Euros, Qualifiers"
35,124,0.504065040650406,246,"Euros, Qualifiers"
37,130,0.5,260,"Euros, Qualifiers"
39,137,0.507407407407407,270,"Euros, Qualifiers"
41,148,0.517482517482518,286,"Euros, Qualifiers"
43,159,0.53,300,"Euros, Qualifiers"
45,170,0.543130990415335,313,"Euros, Qualifiers"
47,175,0.545171339563863,321,"Euros, Qualifiers"
49,182,0.548192771084337,332,"Euros, Qualifiers"
51,190,0.545977011494253,348,"Euros, Qualifiers"
53,195,0.550847457627119,354,"Euros, Qualifiers"
55,197,0.547222222222222,360,"Euros, Qualifiers"
57,206,0.550802139037433,374,"Euros, Qualifiers"
59,214,0.557291666666667,384,"Euros, Qualifiers"
61,221,0.553884711779449,399,"Euros, Qualifiers"
63,227,0.556372549019608,408,"Euros, Qualifiers"
65,234,0.5625,416,"Euros, Qualifiers"
67,240,0.566037735849057,424,"Euros, Qualifiers"
69,249,0.572413793103448,435,"Euros, Qualifiers"
71,256,0.573991031390135,446,"Euros, Qualifiers"
73,260,0.57649667405765,451,"Euros, Qualifiers"
75,265,0.581140350877193,456,"Euros, Qualifiers"
77,277,0.584388185654008,474,"Euros, Qualifiers"
79,280,0.585774058577406,478,"Euros, Qualifiers"
81,285,0.58641975308642,486,"Euros, Qualifiers"
83,293,0.590725806451613,496,"Euros, Qualifiers"
85,304,0.598425196850394,508,"Euros, Qualifiers"
87,311,0.602713178294574,516,"Euros, Qualifiers"
89,319,0.608778625954199,524,"Euros, Qualifiers"
91,322,0.608695652173913,529,"Euros, Qualifiers"
93,328,0.613084112149533,535,"Euros, Qualifiers"
95,334,0.617375231053604,541,"Euros, Qualifiers"
97,342,0.618444846292948,553,"Euros, Qualifiers"
99,349,0.620996441281139,562,"Euros, Qualifiers"
101,354,0.624338624338624,567,"Euros, Qualifiers"
103,360,0.627177700348432,574,"Euros, Qualifiers"
105,365,0.630397236614853,579,"Euros, Qualifiers"
107,375,0.636672325976231,589,"Euros, Qualifiers"
109,383,0.641541038525963,597,"Euros, Qualifiers"
111,387,0.641791044776119,603,"Euros, Qualifiers"
113,389,0.64297520661157,605,"Euros, Qualifiers"
115,394,0.645901639344262,610,"Euros, Qualifiers"
117,400,0.648298217179903,617,"Euros, Qualifiers"
119,404,0.64951768488746,622,"Euros, Qualifiers"
121,404,0.648475120385233,623,"Euros, Qualifiers"
123,408,0.64968152866242,628,"Euros, Qualifiers"
125,414,0.652996845425868,634,"Euros, Qualifiers"
127,416,0.654088050314465,636,"Euros, Qualifiers"
129,420,0.653188180404355,643,"Euros, Qualifiers"
131,421,0.653726708074534,644,"Euros, Qualifiers"
133,427,0.656923076923077,650,"Euros, Qualifiers"
135,432,0.659541984732824,655,"Euros, Qualifiers"
137,436,0.660606060606061,660,"Euros, Qualifiers"
139,438,0.661631419939577,662,"Euros, Qualifiers"
141,443,0.664167916041979,667,"Euros, Qualifiers"
143,446,0.665671641791045,670,"Euros, Qualifiers"
145,452,0.668639053254438,676,"Euros, Qualifiers"
147,454,0.669616519174041,678,"Euros, Qualifiers"
149,458,0.670571010248902,683,"Euros, Qualifiers"
151,459,0.671052631578947,684,"Euros, Qualifiers"
153,463,0.67296511627907,688,"Euros, Qualifiers"
155,466,0.67438494934877,691,"Euros, Qualifiers"
157,467,0.67485549132948,692,"Euros, Qualifiers"
159,470,0.676258992805755,695,"Euros, Qualifiers"
161,472,0.677187948350072,697,"Euros, Qualifiers"
163,474,0.678111587982833,699,"Euros, Qualifiers"
165,475,0.678571428571429,700,"Euros, Qualifiers"
167,482,0.681753889674682,707,"Euros, Qualifiers"
169,483,0.681241184767278,709,"Euros, Qualifiers"
171,485,0.682137834036568,711,"Euros, Qualifiers"
173,490,0.684357541899441,716,"Euros, Qualifiers"
175,491,0.684797768479777,717,"Euros, Qualifiers"
177,491,0.684797768479777,717,"Euros, Qualifiers"
179,491,0.684797768479777,717,"Euros, Qualifiers"
181,492,0.685236768802228,718,"Euros, Qualifiers"
183,495,0.686546463245492,721,"Euros, Qualifiers"
185,497,0.687413554633472,723,"Euros, Qualifiers"
187,498,0.687845303867403,724,"Euros, Qualifiers"
189,502,0.68956043956044,728,"Euros, Qualifiers"
191,503,0.689986282578875,729,"Euros, Qualifiers"
193,503,0.689986282578875,729,"Euros, Qualifiers"
195,505,0.690834473324213,731,"Euros, Qualifiers"
197,507,0.691678035470669,733,"Euros, Qualifiers"
199,509,0.692517006802721,735,"Euros, Qualifiers"
201,509,0.692517006802721,735,"Euros, Qualifiers"
203,510,0.692934782608696,736,"Euros, Qualifiers"
205,512,0.693766937669377,738,"Euros, Qualifiers"
207,512,0.693766937669377,738,"Euros, Qualifiers"
209,513,0.694181326116374,739,"Euros, Qualifiers"
1,0,NA,0,"Olympics"
3,2,0.666666666666667,3,"Olympics"
5,3,0.428571428571429,7,"Olympics"
7,4,0.444444444444444,9,"Olympics"
9,5,0.416666666666667,12,"Olympics"
11,5,0.384615384615385,13,"Olympics"
13,5,0.357142857142857,14,"Olympics"
15,5,0.357142857142857,14,"Olympics"
17,7,0.388888888888889,18,"Olympics"
19,7,0.388888888888889,18,"Olympics"
21,7,0.388888888888889,18,"Olympics"
23,9,0.428571428571429,21,"Olympics"
25,10,0.454545454545455,22,"Olympics"
27,10,0.416666666666667,24,"Olympics"
29,12,0.461538461538462,26,"Olympics"
31,13,0.464285714285714,28,"Olympics"
33,13,0.433333333333333,30,"Olympics"
35,15,0.454545454545455,33,"Olympics"
37,15,0.428571428571429,35,"Olympics"
39,16,0.444444444444444,36,"Olympics"
41,16,0.432432432432432,37,"Olympics"
43,17,0.447368421052632,38,"Olympics"
45,17,0.435897435897436,39,"Olympics"
47,18,0.439024390243902,41,"Olympics"
49,18,0.439024390243902,41,"Olympics"
51,18,0.428571428571429,42,"Olympics"
53,20,0.454545454545455,44,"Olympics"
55,21,0.446808510638298,47,"Olympics"
57,21,0.4375,48,"Olympics"
59,21,0.428571428571429,49,"Olympics"
61,21,0.428571428571429,49,"Olympics"
63,23,0.450980392156863,51,"Olympics"
65,24,0.461538461538462,52,"Olympics"
67,25,0.471698113207547,53,"Olympics"
69,25,0.471698113207547,53,"Olympics"
71,25,0.471698113207547,53,"Olympics"
73,26,0.481481481481481,54,"Olympics"
75,27,0.490909090909091,55,"Olympics"
77,28,0.5,56,"Olympics"
79,28,0.491228070175439,57,"Olympics"
81,28,0.482758620689655,58,"Olympics"
83,28,0.474576271186441,59,"Olympics"
85,28,0.474576271186441,59,"Olympics"
87,28,0.474576271186441,59,"Olympics"
89,28,0.474576271186441,59,"Olympics"
91,28,0.466666666666667,60,"Olympics"
93,28,0.466666666666667,60,"Olympics"
95,28,0.459016393442623,61,"Olympics"
97,28,0.459016393442623,61,"Olympics"
99,28,0.459016393442623,61,"Olympics"
101,28,0.459016393442623,61,"Olympics"
103,28,0.459016393442623,61,"Olympics"
105,28,0.459016393442623,61,"Olympics"
107,28,0.459016393442623,61,"Olympics"
109,28,0.459016393442623,61,"Olympics"
111,28,0.459016393442623,61,"Olympics"
113,28,0.459016393442623,61,"Olympics"
115,28,0.459016393442623,61,"Olympics"
117,28,0.459016393442623,61,"Olympics"
119,28,0.459016393442623,61,"Olympics"
121,28,0.459016393442623,61,"Olympics"
123,28,0.459016393442623,61,"Olympics"
125,28,0.459016393442623,61,"Olympics"
127,28,0.459016393442623,61,"Olympics"
129,28,0.459016393442623,61,"Olympics"
131,28,0.459016393442623,61,"Olympics"
133,28,0.459016393442623,61,"Olympics"
135,28,0.459016393442623,61,"Olympics"
137,28,0.459016393442623,61,"Olympics"
139,29,0.467741935483871,62,"Olympics"
141,29,0.467741935483871,62,"Olympics"
143,29,0.467741935483871,62,"Olympics"
145,29,0.467741935483871,62,"Olympics"
147,29,0.467741935483871,62,"Olympics"
149,29,0.467741935483871,62,"Olympics"
151,29,0.467741935483871,62,"Olympics"
153,29,0.467741935483871,62,"Olympics"
155,29,0.467741935483871,62,"Olympics"
157,29,0.467741935483871,62,"Olympics"
159,29,0.467741935483871,62,"Olympics"
161,29,0.467741935483871,62,"Olympics"
163,29,0.467741935483871,62,"Olympics"
165,29,0.467741935483871,62,"Olympics"
167,29,0.467741935483871,62,"Olympics"
169,29,0.467741935483871,62,"Olympics"
171,29,0.467741935483871,62,"Olympics"
173,30,0.476190476190476,63,"Olympics"
175,30,0.476190476190476,63,"Olympics"
177,30,0.476190476190476,63,"Olympics"
179,30,0.476190476190476,63,"Olympics"
181,30,0.476190476190476,63,"Olympics"
183,31,0.484375,64,"Olympics"
185,31,0.484375,64,"Olympics"
187,31,0.484375,64,"Olympics"
189,31,0.484375,64,"Olympics"
191,31,0.484375,64,"Olympics"
193,31,0.484375,64,"Olympics"
195,31,0.484375,64,"Olympics"
197,31,0.484375,64,"Olympics"
199,31,0.484375,64,"Olympics"
201,31,0.484375,64,"Olympics"
203,31,0.484375,64,"Olympics"
205,31,0.484375,64,"Olympics"
207,31,0.484375,64,"Olympics"
209,31,0.484375,64,"Olympics"
1,0,NA,0,"World Cup Intercontinental Playoffs"
3,0,NA,0,"World Cup Intercontinental Playoffs"
5,0,NA,0,"World Cup Intercontinental Playoffs"
7,0,NA,0,"World Cup Intercontinental Playoffs"
9,0,NA,0,"World Cup Intercontinental Playoffs"
11,0,NA,0,"World Cup Intercontinental Playoffs"
13,0,NA,0,"World Cup Intercontinental Playoffs"
15,0,NA,0,"World Cup Intercontinental Playoffs"
17,0,NA,0,"World Cup Intercontinental Playoffs"
19,0,NA,0,"World Cup Intercontinental Playoffs"
21,0,0,1,"World Cup Intercontinental Playoffs"
23,0,0,1,"World Cup Intercontinental Playoffs"
25,0,0,2,"World Cup Intercontinental Playoffs"
27,1,0.333333333333333,3,"World Cup Intercontinental Playoffs"
29,1,0.333333333333333,3,"World Cup Intercontinental Playoffs"
31,1,0.333333333333333,3,"World Cup Intercontinental Playoffs"
33,1,0.333333333333333,3,"World Cup Intercontinental Playoffs"
35,1,0.333333333333333,3,"World Cup Intercontinental Playoffs"
37,1,0.333333333333333,3,"World Cup Intercontinental Playoffs"
39,1,0.333333333333333,3,"World Cup Intercontinental Playoffs"
41,1,0.333333333333333,3,"World Cup Intercontinental Playoffs"
43,1,0.333333333333333,3,"World Cup Intercontinental Playoffs"
45,1,0.333333333333333,3,"World Cup Intercontinental Playoffs"
47,1,0.333333333333333,3,"World Cup Intercontinental Playoffs"
49,1,0.333333333333333,3,"World Cup Intercontinental Playoffs"
51,1,0.333333333333333,3,"World Cup Intercontinental Playoffs"
53,1,0.333333333333333,3,"World Cup Intercontinental Playoffs"
55,3,0.6,5,"World Cup Intercontinental Playoffs"
57,3,0.6,5,"World Cup Intercontinental Playoffs"
59,3,0.6,5,"World Cup Intercontinental Playoffs"
61,3,0.6,5,"World Cup Intercontinental Playoffs"
63,3,0.6,5,"World Cup Intercontinental Playoffs"
65,4,0.571428571428571,7,"World Cup Intercontinental Playoffs"
67,4,0.571428571428571,7,"World Cup Intercontinental Playoffs"
69,4,0.571428571428571,7,"World Cup Intercontinental Playoffs"
71,5,0.625,8,"World Cup Intercontinental Playoffs"
73,5,0.625,8,"World Cup Intercontinental Playoffs"
75,5,0.625,8,"World Cup Intercontinental Playoffs"
77,5,0.625,8,"World Cup Intercontinental Playoffs"
79,5,0.625,8,"World Cup Intercontinental Playoffs"
81,5,0.625,8,"World Cup Intercontinental Playoffs"
83,5,0.625,8,"World Cup Intercontinental Playoffs"
85,5,0.625,8,"World Cup Intercontinental Playoffs"
87,5,0.625,8,"World Cup Intercontinental Playoffs"
89,5,0.625,8,"World Cup Intercontinental Playoffs"
91,5,0.625,8,"World Cup Intercontinental Playoffs"
93,5,0.625,8,"World Cup Intercontinental Playoffs"
95,5,0.625,8,"World Cup Intercontinental Playoffs"
97,5,0.625,8,"World Cup Intercontinental Playoffs"
99,5,0.625,8,"World Cup Intercontinental Playoffs"
101,5,0.625,8,"World Cup Intercontinental Playoffs"
103,5,0.625,8,"World Cup Intercontinental Playoffs"
105,5,0.625,8,"World Cup Intercontinental Playoffs"
107,5,0.625,8,"World Cup Intercontinental Playoffs"
109,5,0.625,8,"World Cup Intercontinental Playoffs"
111,5,0.625,8,"World Cup Intercontinental Playoffs"
113,6,0.6,10,"World Cup Intercontinental Playoffs"
115,6,0.6,10,"World Cup Intercontinental Playoffs"
117,6,0.6,10,"World Cup Intercontinental Playoffs"
119,6,0.6,10,"World Cup Intercontinental Playoffs"
121,6,0.6,10,"World Cup Intercontinental Playoffs"
123,6,0.6,10,"World Cup Intercontinental Playoffs"
125,6,0.6,10,"World Cup Intercontinental Playoffs"
127,6,0.6,10,"World Cup Intercontinental Playoffs"
129,6,0.6,10,"World Cup Intercontinental Playoffs"
131,6,0.6,10,"World Cup Intercontinental Playoffs"
133,6,0.6,10,"World Cup Intercontinental Playoffs"
135,6,0.6,10,"World Cup Intercontinental Playoffs"
137,6,0.6,10,"World Cup Intercontinental Playoffs"
139,6,0.6,10,"World Cup Intercontinental Playoffs"
141,6,0.6,10,"World Cup Intercontinental Playoffs"
143,6,0.6,10,"World Cup Intercontinental Playoffs"
145,6,0.6,10,"World Cup Intercontinental Playoffs"
147,6,0.6,10,"World Cup Intercontinental Playoffs"
149,6,0.6,10,"World Cup Intercontinental Playoffs"
151,6,0.6,10,"World Cup Intercontinental Playoffs"
153,6,0.6,10,"World Cup Intercontinental Playoffs"
155,6,0.6,10,"World Cup Intercontinental Playoffs"
157,6,0.6,10,"World Cup Intercontinental Playoffs"
159,6,0.6,10,"World Cup Intercontinental Playoffs"
161,6,0.6,10,"World Cup Intercontinental Playoffs"
163,6,0.6,10,"World Cup Intercontinental Playoffs"
165,6,0.6,10,"World Cup Intercontinental Playoffs"
167,6,0.6,10,"World Cup Intercontinental Playoffs"
169,6,0.6,10,"World Cup Intercontinental Playoffs"
171,6,0.6,10,"World Cup Intercontinental Playoffs"
173,6,0.6,10,"World Cup Intercontinental Playoffs"
175,6,0.6,10,"World Cup Intercontinental Playoffs"
177,6,0.6,10,"World Cup Intercontinental Playoffs"
179,6,0.6,10,"World Cup Intercontinental Playoffs"
181,6,0.6,10,"World Cup Intercontinental Playoffs"
183,6,0.6,10,"World Cup Intercontinental Playoffs"
185,6,0.6,10,"World Cup Intercontinental Playoffs"
187,6,0.6,10,"World Cup Intercontinental Playoffs"
189,6,0.6,10,"World Cup Intercontinental Playoffs"
191,6,0.6,10,"World Cup Intercontinental Playoffs"
193,6,0.6,10,"World Cup Intercontinental Playoffs"
195,6,0.6,10,"World Cup Intercontinental Playoffs"
197,6,0.6,10,"World Cup Intercontinental Playoffs"
199,6,0.6,10,"World Cup Intercontinental Playoffs"
201,6,0.6,10,"World Cup Intercontinental Playoffs"
203,6,0.6,10,"World Cup Intercontinental Playoffs"
205,6,0.6,10,"World Cup Intercontinental Playoffs"
207,6,0.6,10,"World Cup Intercontinental Playoffs"
209,6,0.6,10,"World Cup Intercontinental Playoffs"
1,1,0.333333333333333,3,"Euros"
3,3,0.230769230769231,13,"Euros"
5,7,0.388888888888889,18,"Euros"
7,12,0.413793103448276,29,"Euros"
9,18,0.486486486486487,37,"Euros"
11,21,0.488372093023256,43,"Euros"
13,24,0.470588235294118,51,"Euros"
15,26,0.464285714285714,56,"Euros"
17,31,0.508196721311475,61,"Euros"
19,36,0.537313432835821,67,"Euros"
21,39,0.534246575342466,73,"Euros"
23,41,0.532467532467532,77,"Euros"
25,43,0.518072289156627,83,"Euros"
27,44,0.511627906976744,86,"Euros"
29,45,0.517241379310345,87,"Euros"
31,49,0.538461538461538,91,"Euros"
33,51,0.548387096774194,93,"Euros"
35,51,0.542553191489362,94,"Euros"
37,53,0.552083333333333,96,"Euros"
39,55,0.561224489795918,98,"Euros"
41,55,0.555555555555556,99,"Euros"
43,55,0.555555555555556,99,"Euros"
45,55,0.55,100,"Euros"
47,56,0.554455445544555,101,"Euros"
49,56,0.554455445544555,101,"Euros"
51,56,0.554455445544555,101,"Euros"
53,57,0.558823529411765,102,"Euros"
55,57,0.558823529411765,102,"Euros"
57,57,0.558823529411765,102,"Euros"
59,57,0.558823529411765,102,"Euros"
61,57,0.558823529411765,102,"Euros"
63,57,0.558823529411765,102,"Euros"
65,57,0.558823529411765,102,"Euros"
67,57,0.558823529411765,102,"Euros"
69,57,0.558823529411765,102,"Euros"
71,57,0.558823529411765,102,"Euros"
73,57,0.558823529411765,102,"Euros"
75,57,0.558823529411765,102,"Euros"
77,57,0.558823529411765,102,"Euros"
79,57,0.558823529411765,102,"Euros"
81,57,0.558823529411765,102,"Euros"
83,57,0.558823529411765,102,"Euros"
85,57,0.558823529411765,102,"Euros"
87,57,0.558823529411765,102,"Euros"
89,57,0.558823529411765,102,"Euros"
91,57,0.558823529411765,102,"Euros"
93,57,0.558823529411765,102,"Euros"
95,57,0.558823529411765,102,"Euros"
97,57,0.558823529411765,102,"Euros"
99,57,0.558823529411765,102,"Euros"
101,57,0.558823529411765,102,"Euros"
103,57,0.558823529411765,102,"Euros"
105,57,0.558823529411765,102,"Euros"
107,57,0.558823529411765,102,"Euros"
109,57,0.558823529411765,102,"Euros"
111,57,0.558823529411765,102,"Euros"
113,57,0.558823529411765,102,"Euros"
115,57,0.558823529411765,102,"Euros"
117,57,0.558823529411765,102,"Euros"
119,57,0.558823529411765,102,"Euros"
121,57,0.558823529411765,102,"Euros"
123,57,0.558823529411765,102,"Euros"
125,57,0.558823529411765,102,"Euros"
127,57,0.558823529411765,102,"Euros"
129,57,0.558823529411765,102,"Euros"
131,57,0.558823529411765,102,"Euros"
133,57,0.558823529411765,102,"Euros"
135,57,0.558823529411765,102,"Euros"
137,57,0.558823529411765,102,"Euros"
139,57,0.558823529411765,102,"Euros"
141,57,0.558823529411765,102,"Euros"
143,57,0.558823529411765,102,"Euros"
145,57,0.558823529411765,102,"Euros"
147,57,0.558823529411765,102,"Euros"
149,57,0.558823529411765,102,"Euros"
151,57,0.558823529411765,102,"Euros"
153,57,0.558823529411765,102,"Euros"
155,57,0.558823529411765,102,"Euros"
157,57,0.558823529411765,102,"Euros"
159,57,0.558823529411765,102,"Euros"
161,57,0.558823529411765,102,"Euros"
163,57,0.558823529411765,102,"Euros"
165,57,0.558823529411765,102,"Euros"
167,57,0.558823529411765,102,"Euros"
169,57,0.558823529411765,102,"Euros"
171,57,0.558823529411765,102,"Euros"
173,57,0.558823529411765,102,"Euros"
175,57,0.558823529411765,102,"Euros"
177,57,0.558823529411765,102,"Euros"
179,57,0.558823529411765,102,"Euros"
181,57,0.558823529411765,102,"Euros"
183,57,0.558823529411765,102,"Euros"
185,57,0.558823529411765,102,"Euros"
187,57,0.558823529411765,102,"Euros"
189,57,0.558823529411765,102,"Euros"
191,57,0.558823529411765,102,"Euros"
193,57,0.558823529411765,102,"Euros"
195,57,0.558823529411765,102,"Euros"
197,57,0.558823529411765,102,"Euros"
199,57,0.558823529411765,102,"Euros"
201,57,0.558823529411765,102,"Euros"
203,57,0.558823529411765,102,"Euros"
205,57,0.558823529411765,102,"Euros"
207,57,0.558823529411765,102,"Euros"
209,57,0.558823529411765,102,"Euros"
1,5,0.454545454545455,11,"World Cup"
3,14,0.56,25,"World Cup"
5,22,0.594594594594595,37,"World Cup"
7,29,0.630434782608696,46,"World Cup"
9,34,0.607142857142857,56,"World Cup"
11,45,0.608108108108108,74,"World Cup"
13,49,0.583333333333333,84,"World Cup"
15,56,0.583333333333333,96,"World Cup"
17,58,0.563106796116505,103,"World Cup"
19,61,0.554545454545455,110,"World Cup"
21,66,0.559322033898305,118,"World Cup"
23,71,0.563492063492063,126,"World Cup"
25,75,0.568181818181818,132,"World Cup"
27,80,0.575539568345324,139,"World Cup"
29,85,0.586206896551724,145,"World Cup"
31,86,0.585034013605442,147,"World Cup"
33,90,0.588235294117647,153,"World Cup"
35,94,0.5875,160,"World Cup"
37,98,0.593939393939394,165,"World Cup"
39,104,0.604651162790698,172,"World Cup"
41,104,0.604651162790698,172,"World Cup"
43,108,0.606741573033708,178,"World Cup"
45,108,0.603351955307263,179,"World Cup"
47,111,0.60989010989011,182,"World Cup"
49,112,0.608695652173913,184,"World Cup"
51,112,0.608695652173913,184,"World Cup"
53,117,0.619047619047619,189,"World Cup"
55,117,0.619047619047619,189,"World Cup"
57,118,0.617801047120419,191,"World Cup"
59,118,0.617801047120419,191,"World Cup"
61,119,0.619791666666667,192,"World Cup"
63,119,0.619791666666667,192,"World Cup"
65,119,0.619791666666667,192,"World Cup"
67,119,0.619791666666667,192,"World Cup"
69,119,0.619791666666667,192,"World Cup"
71,119,0.619791666666667,192,"World Cup"
73,119,0.619791666666667,192,"World Cup"
75,119,0.619791666666667,192,"World Cup"
77,119,0.619791666666667,192,"World Cup"
79,119,0.619791666666667,192,"World Cup"
81,119,0.619791666666667,192,"World Cup"
83,119,0.619791666666667,192,"World Cup"
85,119,0.619791666666667,192,"World Cup"
87,119,0.619791666666667,192,"World Cup"
89,119,0.619791666666667,192,"World Cup"
91,119,0.619791666666667,192,"World Cup"
93,119,0.619791666666667,192,"World Cup"
95,119,0.619791666666667,192,"World Cup"
97,119,0.619791666666667,192,"World Cup"
99,119,0.619791666666667,192,"World Cup"
101,119,0.619791666666667,192,"World Cup"
103,119,0.619791666666667,192,"World Cup"
105,119,0.619791666666667,192,"World Cup"
107,119,0.619791666666667,192,"World Cup"
109,119,0.619791666666667,192,"World Cup"
111,119,0.619791666666667,192,"World Cup"
113,119,0.619791666666667,192,"World Cup"
115,119,0.619791666666667,192,"World Cup"
117,119,0.619791666666667,192,"World Cup"
119,119,0.619791666666667,192,"World Cup"
121,119,0.619791666666667,192,"World Cup"
123,119,0.619791666666667,192,"World Cup"
125,119,0.619791666666667,192,"World Cup"
127,119,0.619791666666667,192,"World Cup"
129,119,0.619791666666667,192,"World Cup"
131,119,0.619791666666667,192,"World Cup"
133,119,0.619791666666667,192,"World Cup"
135,119,0.619791666666667,192,"World Cup"
137,119,0.619791666666667,192,"World Cup"
139,119,0.619791666666667,192,"World Cup"
141,119,0.619791666666667,192,"World Cup"
143,119,0.619791666666667,192,"World Cup"
145,119,0.619791666666667,192,"World Cup"
147,119,0.619791666666667,192,"World Cup"
149,119,0.619791666666667,192,"World Cup"
151,119,0.619791666666667,192,"World Cup"
153,119,0.619791666666667,192,"World Cup"
155,119,0.619791666666667,192,"World Cup"
157,119,0.619791666666667,192,"World Cup"
159,119,0.619791666666667,192,"World Cup"
161,119,0.619791666666667,192,"World Cup"
163,119,0.619791666666667,192,"World Cup"
165,119,0.619791666666667,192,"World Cup"
167,119,0.619791666666667,192,"World Cup"
169,119,0.619791666666667,192,"World Cup"
171,119,0.619791666666667,192,"World Cup"
173,119,0.619791666666667,192,"World Cup"
175,119,0.619791666666667,192,"World Cup"
177,119,0.619791666666667,192,"World Cup"
179,119,0.619791666666667,192,"World Cup"
181,119,0.619791666666667,192,"World Cup"
183,119,0.619791666666667,192,"World Cup"
185,119,0.619791666666667,192,"World Cup"
187,119,0.619791666666667,192,"World Cup"
189,119,0.619791666666667,192,"World Cup"
191,119,0.619791666666667,192,"World Cup"
193,119,0.619791666666667,192,"World Cup"
195,119,0.619791666666667,192,"World Cup"
197,119,0.619791666666667,192,"World Cup"
199,119,0.619791666666667,192,"World Cup"
201,119,0.619791666666667,192,"World Cup"
203,119,0.619791666666667,192,"World Cup"
205,119,0.619791666666667,192,"World Cup"
207,119,0.619791666666667,192,"World Cup"
209,119,0.619791666666667,192,"World Cup"
1,3,1,3,"Copa America"
3,4,0.571428571428571,7,"Copa America"
5,7,0.5,14,"Copa America"
7,8,0.444444444444444,18,"Copa America"
9,11,0.478260869565217,23,"Copa America"
11,13,0.464285714285714,28,"Copa America"
13,18,0.5,36,"Copa America"
15,18,0.486486486486487,37,"Copa America"
17,19,0.475,40,"Copa America"
19,21,0.477272727272727,44,"Copa America"
21,21,0.4375,48,"Copa America"
23,23,0.450980392156863,51,"Copa America"
25,26,0.472727272727273,55,"Copa America"
27,31,0.508196721311475,61,"Copa America"
29,35,0.538461538461538,65,"Copa America"
31,37,0.536231884057971,69,"Copa America"
33,38,0.535211267605634,71,"Copa America"
35,38,0.527777777777778,72,"Copa America"
37,39,0.534246575342466,73,"Copa America"
39,40,0.540540540540541,74,"Copa America"
41,42,0.545454545454545,77,"Copa America"
43,44,0.556962025316456,79,"Copa America"
45,48,0.578313253012048,83,"Copa America"
47,49,0.583333333333333,84,"Copa America"
49,49,0.583333333333333,84,"Copa America"
51,50,0.581395348837209,86,"Copa America"
53,51,0.586206896551724,87,"Copa America"
55,52,0.590909090909091,88,"Copa America"
57,54,0.593406593406593,91,"Copa America"
59,55,0.591397849462366,93,"Copa America"
61,56,0.589473684210526,95,"Copa America"
63,58,0.597938144329897,97,"Copa America"
65,58,0.597938144329897,97,"Copa America"
67,60,0.6,100,"Copa America"
69,60,0.588235294117647,102,"Copa America"
71,61,0.592233009708738,103,"Copa America"
73,63,0.6,105,"Copa America"
75,63,0.6,105,"Copa America"
77,65,0.601851851851852,108,"Copa America"
79,65,0.601851851851852,108,"Copa America"
81,66,0.6,110,"Copa America"
83,67,0.598214285714286,112,"Copa America"
85,67,0.598214285714286,112,"Copa America"
87,67,0.598214285714286,112,"Copa America"
89,67,0.598214285714286,112,"Copa America"
91,67,0.598214285714286,112,"Copa America"
93,67,0.598214285714286,112,"Copa America"
95,67,0.598214285714286,112,"Copa America"
97,67,0.598214285714286,112,"Copa America"
99,67,0.598214285714286,112,"Copa America"
101,67,0.598214285714286,112,"Copa America"
103,67,0.598214285714286,112,"Copa America"
105,67,0.598214285714286,112,"Copa America"
107,67,0.598214285714286,112,"Copa America"
109,67,0.598214285714286,112,"Copa America"
111,67,0.598214285714286,112,"Copa America"
113,67,0.598214285714286,112,"Copa America"
115,67,0.598214285714286,112,"Copa America"
117,67,0.598214285714286,112,"Copa America"
119,67,0.598214285714286,112,"Copa America"
121,67,0.598214285714286,112,"Copa America"
123,67,0.598214285714286,112,"Copa America"
125,67,0.598214285714286,112,"Copa America"
127,67,0.598214285714286,112,"Copa America"
129,67,0.598214285714286,112,"Copa America"
131,67,0.598214285714286,112,"Copa America"
133,67,0.598214285714286,112,"Copa America"
135,67,0.598214285714286,112,"Copa America"
137,67,0.598214285714286,112,"Copa America"
139,67,0.598214285714286,112,"Copa America"
141,67,0.598214285714286,112,"Copa America"
143,67,0.598214285714286,112,"Copa America"
145,67,0.598214285714286,112,"Copa America"
147,67,0.598214285714286,112,"Copa America"
149,67,0.598214285714286,112,"Copa America"
151,67,0.598214285714286,112,"Copa America"
153,67,0.598214285714286,112,"Copa America"
155,67,0.598214285714286,112,"Copa America"
157,67,0.598214285714286,112,"Copa America"
159,67,0.598214285714286,112,"Copa America"
161,67,0.598214285714286,112,"Copa America"
163,67,0.598214285714286,112,"Copa America"
165,67,0.598214285714286,112,"Copa America"
167,67,0.598214285714286,112,"Copa America"
169,67,0.598214285714286,112,"Copa America"
171,67,0.598214285714286,112,"Copa America"
173,67,0.598214285714286,112,"Copa America"
175,67,0.598214285714286,112,"Copa America"
177,67,0.598214285714286,112,"Copa America"
179,67,0.598214285714286,112,"Copa America"
181,67,0.598214285714286,112,"Copa America"
183,67,0.598214285714286,112,"Copa America"
185,67,0.598214285714286,112,"Copa America"
187,67,0.598214285714286,112,"Copa America"
189,67,0.598214285714286,112,"Copa America"
191,67,0.598214285714286,112,"Copa America"
193,67,0.598214285714286,112,"Copa America"
195,67,0.598214285714286,112,"Copa America"
197,67,0.598214285714286,112,"Copa America"
199,67,0.598214285714286,112,"Copa America"
201,67,0.598214285714286,112,"Copa America"
203,67,0.598214285714286,112,"Copa America"
205,67,0.598214285714286,112,"Copa America"
207,67,0.598214285714286,112,"Copa America"
209,67,0.598214285714286,112,"Copa America"
1,4,0.210526315789474,19,"Nations League"
3,15,0.333333333333333,45,"Nations League"
5,24,0.380952380952381,63,"Nations League"
7,34,0.386363636363636,88,"Nations League"
9,47,0.405172413793103,116,"Nations League"
11,61,0.420689655172414,145,"Nations League"
13,69,0.403508771929825,171,"Nations League"
15,76,0.4,190,"Nations League"
17,85,0.404761904761905,210,"Nations League"
19,91,0.402654867256637,226,"Nations League"
21,97,0.405857740585774,239,"Nations League"
23,100,0.395256916996047,253,"Nations League"
25,108,0.406015037593985,266,"Nations League"
27,110,0.404411764705882,272,"Nations League"
29,113,0.407942238267148,277,"Nations League"
31,124,0.420338983050847,295,"Nations League"
33,126,0.42,300,"Nations League"
35,138,0.435331230283912,317,"Nations League"
37,140,0.429447852760736,326,"Nations League"
39,147,0.441441441441441,333,"Nations League"
41,151,0.444117647058824,340,"Nations League"
43,157,0.449856733524355,349,"Nations League"
45,162,0.452513966480447,358,"Nations League"
47,164,0.453038674033149,362,"Nations League"
49,169,0.455525606469003,371,"Nations League"
51,173,0.455263157894737,380,"Nations League"
53,179,0.461340206185567,388,"Nations League"
55,180,0.461538461538462,390,"Nations League"
57,182,0.461928934010152,394,"Nations League"
59,185,0.464824120603015,398,"Nations League"
61,186,0.463840399002494,401,"Nations League"
63,186,0.462686567164179,402,"Nations League"
65,188,0.463054187192118,406,"Nations League"
67,188,0.463054187192118,406,"Nations League"
69,188,0.463054187192118,406,"Nations League"
71,188,0.463054187192118,406,"Nations League"
73,188,0.461916461916462,407,"Nations League"
75,189,0.462102689486553,409,"Nations League"
77,189,0.460975609756098,410,"Nations League"
79,189,0.45985401459854,411,"Nations League"
81,191,0.459134615384615,416,"Nations League"
83,191,0.458033573141487,417,"Nations League"
85,193,0.460620525059666,419,"Nations League"
87,194,0.460807600950119,421,"Nations League"
89,195,0.460992907801418,423,"Nations League"
91,197,0.463529411764706,425,"Nations League"
93,197,0.462441314553991,426,"Nations League"
95,201,0.467441860465116,430,"Nations League"
97,201,0.466357308584687,431,"Nations League"
99,202,0.466512702078522,433,"Nations League"
101,204,0.468965517241379,435,"Nations League"
103,205,0.470183486238532,436,"Nations League"
105,205,0.470183486238532,436,"Nations League"
107,205,0.470183486238532,436,"Nations League"
109,205,0.470183486238532,436,"Nations League"
111,208,0.47380410022779,439,"Nations League"
113,208,0.47380410022779,439,"Nations League"
115,209,0.475,440,"Nations League"
117,209,0.475,440,"Nations League"
119,212,0.478555304740406,443,"Nations League"
121,213,0.47972972972973,444,"Nations League"
123,216,0.483221476510067,447,"Nations League"
125,218,0.485523385300668,449,"Nations League"
127,219,0.486666666666667,450,"Nations League"
129,219,0.486666666666667,450,"Nations League"
131,220,0.486725663716814,452,"Nations League"
133,220,0.486725663716814,452,"Nations League"
135,220,0.486725663716814,452,"Nations League"
137,220,0.486725663716814,452,"Nations League"
139,220,0.486725663716814,452,"Nations League"
141,222,0.488986784140969,454,"Nations League"
143,222,0.488986784140969,454,"Nations League"
145,222,0.488986784140969,454,"Nations League"
147,222,0.488986784140969,454,"Nations League"
149,222,0.488986784140969,454,"Nations League"
151,222,0.488986784140969,454,"Nations League"
153,222,0.488986784140969,454,"Nations League"
155,222,0.488986784140969,454,"Nations League"
157,222,0.488986784140969,454,"Nations League"
159,222,0.488986784140969,454,"Nations League"
161,222,0.488986784140969,454,"Nations League"
163,222,0.488986784140969,454,"Nations League"
165,222,0.488986784140969,454,"Nations League"
167,222,0.488986784140969,454,"Nations League"
169,222,0.488986784140969,454,"Nations League"
171,222,0.488986784140969,454,"Nations League"
173,222,0.488986784140969,454,"Nations League"
175,222,0.488986784140969,454,"Nations League"
177,222,0.488986784140969,454,"Nations League"
179,222,0.488986784140969,454,"Nations League"
181,222,0.488986784140969,454,"Nations League"
183,222,0.488986784140969,454,"Nations League"
185,222,0.488986784140969,454,"Nations League"
187,222,0.488986784140969,454,"Nations League"
189,222,0.488986784140969,454,"Nations League"
191,222,0.488986784140969,454,"Nations League"
193,222,0.488986784140969,454,"Nations League"
195,222,0.488986784140969,454,"Nations League"
197,222,0.488986784140969,454,"Nations League"
199,222,0.488986784140969,454,"Nations League"
201,222,0.488986784140969,454,"Nations League"
203,222,0.488986784140969,454,"Nations League"
205,222,0.488986784140969,454,"Nations League"
207,222,0.488986784140969,454,"Nations League"
209,222,0.488986784140969,454,"Nations League"
1,2,0.4,5,"World Cup Qualifiers, Europe"
3,6,0.4,15,"World Cup Qualifiers, Europe"
5,16,0.484848484848485,33,"World Cup Qualifiers, Europe"
7,20,0.465116279069767,43,"World Cup Qualifiers, Europe"
9,24,0.428571428571429,56,"World Cup Qualifiers, Europe"
11,32,0.426666666666667,75,"World Cup Qualifiers, Europe"
13,36,0.395604395604396,91,"World Cup Qualifiers, Europe"
15,42,0.407766990291262,103,"World Cup Qualifiers, Europe"
17,50,0.40983606557377,122,"World Cup Qualifiers, Europe"
19,58,0.420289855072464,138,"World Cup Qualifiers, Europe"
21,65,0.42483660130719,153,"World Cup Qualifiers, Europe"
23,70,0.411764705882353,170,"World Cup Qualifiers, Europe"
25,75,0.407608695652174,184,"World Cup Qualifiers, Europe"
27,87,0.435,200,"World Cup Qualifiers, Europe"
29,96,0.450704225352113,213,"World Cup Qualifiers, Europe"
31,106,0.462882096069869,229,"World Cup Qualifiers, Europe"
33,117,0.469879518072289,249,"World Cup Qualifiers, Europe"
35,122,0.4765625,256,"World Cup Qualifiers, Europe"
37,126,0.470149253731343,268,"World Cup Qualifiers, Europe"
39,137,0.482394366197183,284,"World Cup Qualifiers, Europe"
41,146,0.491582491582492,297,"World Cup Qualifiers, Europe"
43,150,0.491803278688525,305,"World Cup Qualifiers, Europe"
45,152,0.493506493506494,308,"World Cup Qualifiers, Europe"
47,160,0.50314465408805,318,"World Cup Qualifiers, Europe"
49,172,0.511904761904762,336,"World Cup Qualifiers, Europe"
51,176,0.507204610951009,347,"World Cup Qualifiers, Europe"
53,186,0.513812154696133,362,"World Cup Qualifiers, Europe"
55,194,0.515957446808511,376,"World Cup Qualifiers, Europe"
57,201,0.5234375,384,"World Cup Qualifiers, Europe"
59,212,0.532663316582915,398,"World Cup Qualifiers, Europe"
61,219,0.536764705882353,408,"World Cup Qualifiers, Europe"
63,224,0.535885167464115,418,"World Cup Qualifiers, Europe"
65,231,0.538461538461538,429,"World Cup Qualifiers, Europe"
67,238,0.536036036036036,444,"World Cup Qualifiers, Europe"
69,243,0.534065934065934,455,"World Cup Qualifiers, Europe"
71,254,0.536997885835095,473,"World Cup Qualifiers, Europe"
73,261,0.54149377593361,482,"World Cup Qualifiers, Europe"
75,267,0.544897959183673,490,"World Cup Qualifiers, Europe"
77,272,0.548387096774194,496,"World Cup Qualifiers, Europe"
79,276,0.550898203592814,501,"World Cup Qualifiers, Europe"
81,283,0.554901960784314,510,"World Cup Qualifiers, Europe"
83,293,0.561302681992337,522,"World Cup Qualifiers, Europe"
85,303,0.568480300187617,533,"World Cup Qualifiers, Europe"
87,309,0.571164510166359,541,"World Cup Qualifiers, Europe"
89,316,0.573502722323049,551,"World Cup Qualifiers, Europe"
91,322,0.57602862254025,559,"World Cup Qualifiers, Europe"
93,328,0.578483245149912,567,"World Cup Qualifiers, Europe"
95,331,0.580701754385965,570,"World Cup Qualifiers, Europe"
97,334,0.582897033158813,573,"World Cup Qualifiers, Europe"
99,337,0.582037996545769,579,"World Cup Qualifiers, Europe"
101,342,0.583617747440273,586,"World Cup Qualifiers, Europe"
103,348,0.584873949579832,595,"World Cup Qualifiers, Europe"
105,357,0.590082644628099,605,"World Cup Qualifiers, Europe"
107,361,0.592775041050903,609,"World Cup Qualifiers, Europe"
109,368,0.597402597402597,616,"World Cup Qualifiers, Europe"
111,375,0.601926163723916,623,"World Cup Qualifiers, Europe"
113,376,0.602564102564103,624,"World Cup Qualifiers, Europe"
115,383,0.606012658227848,632,"World Cup Qualifiers, Europe"
117,387,0.607535321821036,637,"World Cup Qualifiers, Europe"
119,392,0.608695652173913,644,"World Cup Qualifiers, Europe"
121,394,0.609907120743034,646,"World Cup Qualifiers, Europe"
123,399,0.612903225806452,651,"World Cup Qualifiers, Europe"
125,405,0.616438356164384,657,"World Cup Qualifiers, Europe"
127,413,0.619190404797601,667,"World Cup Qualifiers, Europe"
129,417,0.620535714285714,672,"World Cup Qualifiers, Europe"
131,423,0.623893805309734,678,"World Cup Qualifiers, Europe"
133,430,0.627737226277372,685,"World Cup Qualifiers, Europe"
135,433,0.629360465116279,688,"World Cup Qualifiers, Europe"
137,439,0.632564841498559,694,"World Cup Qualifiers, Europe"
139,445,0.635714285714286,700,"World Cup Qualifiers, Europe"
141,449,0.637784090909091,704,"World Cup Qualifiers, Europe"
143,452,0.638418079096045,708,"World Cup Qualifiers, Europe"
145,456,0.640449438202247,712,"World Cup Qualifiers, Europe"
147,458,0.641456582633053,714,"World Cup Qualifiers, Europe"
149,461,0.642956764295676,717,"World Cup Qualifiers, Europe"
151,464,0.644444444444444,720,"World Cup Qualifiers, Europe"
153,468,0.64551724137931,725,"World Cup Qualifiers, Europe"
155,473,0.647945205479452,730,"World Cup Qualifiers, Europe"
157,474,0.648426812585499,731,"World Cup Qualifiers, Europe"
159,477,0.649863760217984,734,"World Cup Qualifiers, Europe"
161,479,0.650815217391304,736,"World Cup Qualifiers, Europe"
163,481,0.651761517615176,738,"World Cup Qualifiers, Europe"
165,486,0.654104979811575,743,"World Cup Qualifiers, Europe"
167,487,0.654569892473118,744,"World Cup Qualifiers, Europe"
169,488,0.65503355704698,745,"World Cup Qualifiers, Europe"
171,494,0.657789613848202,751,"World Cup Qualifiers, Europe"
173,498,0.659602649006622,755,"World Cup Qualifiers, Europe"
175,500,0.660501981505945,757,"World Cup Qualifiers, Europe"
177,503,0.661842105263158,760,"World Cup Qualifiers, Europe"
179,505,0.662729658792651,762,"World Cup Qualifiers, Europe"
181,508,0.664052287581699,765,"World Cup Qualifiers, Europe"
183,509,0.664490861618799,766,"World Cup Qualifiers, Europe"
185,509,0.664490861618799,766,"World Cup Qualifiers, Europe"
187,512,0.665799739921977,769,"World Cup Qualifiers, Europe"
189,512,0.665799739921977,769,"World Cup Qualifiers, Europe"
191,512,0.665799739921977,769,"World Cup Qualifiers, Europe"
193,512,0.665799739921977,769,"World Cup Qualifiers, Europe"
195,515,0.667098445595855,772,"World Cup Qualifiers, Europe"
197,517,0.667958656330749,774,"World Cup Qualifiers, Europe"
199,518,0.668387096774194,775,"World Cup Qualifiers, Europe"
201,520,0.669240669240669,777,"World Cup Qualifiers, Europe"
203,520,0.669240669240669,777,"World Cup Qualifiers, Europe"
205,522,0.670089858793325,779,"World Cup Qualifiers, Europe"
207,523,0.67051282051282,780,"World Cup Qualifiers, Europe"
209,523,0.67051282051282,780,"World Cup Qualifiers, Europe"
1,4,1,4,"Gold Cup"
3,6,1,6,"Gold Cup"
5,6,0.857142857142857,7,"Gold Cup"
7,8,0.8,10,"Gold Cup"
9,10,0.666666666666667,15,"Gold Cup"
11,13,0.722222222222222,18,"Gold Cup"
13,16,0.761904761904762,21,"Gold Cup"
15,17,0.739130434782609,23,"Gold Cup"
17,19,0.703703703703704,27,"Gold Cup"
19,20,0.606060606060606,33,"Gold Cup"
21,22,0.55,40,"Gold Cup"
23,23,0.522727272727273,44,"Gold Cup"
25,26,0.509803921568627,51,"Gold Cup"
27,28,0.5,56,"Gold Cup"
29,31,0.5,62,"Gold Cup"
31,32,0.492307692307692,65,"Gold Cup"
33,33,0.492537313432836,67,"Gold Cup"
35,36,0.493150684931507,73,"Gold Cup"
37,37,0.493333333333333,75,"Gold Cup"
39,39,0.506493506493506,77,"Gold Cup"
41,43,0.530864197530864,81,"Gold Cup"
43,45,0.529411764705882,85,"Gold Cup"
45,47,0.522222222222222,90,"Gold Cup"
47,48,0.51063829787234,94,"Gold Cup"
49,53,0.535353535353535,99,"Gold Cup"
51,54,0.519230769230769,104,"Gold Cup"
53,57,0.527777777777778,108,"Gold Cup"
55,57,0.527777777777778,108,"Gold Cup"
57,59,0.531531531531532,111,"Gold Cup"
59,62,0.543859649122807,114,"Gold Cup"
61,64,0.542372881355932,118,"Gold Cup"
63,66,0.540983606557377,122,"Gold Cup"
65,68,0.544,125,"Gold Cup"
67,69,0.547619047619048,126,"Gold Cup"
69,71,0.5546875,128,"Gold Cup"
71,73,0.553030303030303,132,"Gold Cup"
73,77,0.562043795620438,137,"Gold Cup"
75,78,0.561151079136691,139,"Gold Cup"
77,78,0.561151079136691,139,"Gold Cup"
79,78,0.557142857142857,140,"Gold Cup"
81,78,0.557142857142857,140,"Gold Cup"
83,80,0.55944055944056,143,"Gold Cup"
85,80,0.555555555555556,144,"Gold Cup"
87,82,0.561643835616438,146,"Gold Cup"
89,83,0.564625850340136,147,"Gold Cup"
91,87,0.576158940397351,151,"Gold Cup"
93,88,0.57516339869281,153,"Gold Cup"
95,88,0.57516339869281,153,"Gold Cup"
97,89,0.577922077922078,154,"Gold Cup"
99,89,0.577922077922078,154,"Gold Cup"
101,89,0.574193548387097,155,"Gold Cup"
103,91,0.579617834394904,157,"Gold Cup"
105,92,0.582278481012658,158,"Gold Cup"
107,92,0.582278481012658,158,"Gold Cup"
109,93,0.584905660377358,159,"Gold Cup"
111,93,0.584905660377358,159,"Gold Cup"
113,93,0.584905660377358,159,"Gold Cup"
115,93,0.584905660377358,159,"Gold Cup"
117,94,0.583850931677019,161,"Gold Cup"
119,94,0.583850931677019,161,"Gold Cup"
121,95,0.58641975308642,162,"Gold Cup"
123,95,0.58641975308642,162,"Gold Cup"
125,95,0.58641975308642,162,"Gold Cup"
127,96,0.588957055214724,163,"Gold Cup"
129,96,0.588957055214724,163,"Gold Cup"
131,96,0.588957055214724,163,"Gold Cup"
133,96,0.588957055214724,163,"Gold Cup"
135,97,0.591463414634146,164,"Gold Cup"
137,97,0.587878787878788,165,"Gold Cup"
139,97,0.587878787878788,165,"Gold Cup"
141,97,0.587878787878788,165,"Gold Cup"
143,97,0.587878787878788,165,"Gold Cup"
145,97,0.587878787878788,165,"Gold Cup"
147,98,0.590361445783133,166,"Gold Cup"
149,98,0.590361445783133,166,"Gold Cup"
151,98,0.590361445783133,166,"Gold Cup"
153,98,0.590361445783133,166,"Gold Cup"
155,98,0.590361445783133,166,"Gold Cup"
157,99,0.592814371257485,167,"Gold Cup"
159,99,0.592814371257485,167,"Gold Cup"
161,99,0.592814371257485,167,"Gold Cup"
163,99,0.592814371257485,167,"Gold Cup"
165,99,0.592814371257485,167,"Gold Cup"
167,100,0.595238095238095,168,"Gold Cup"
169,100,0.595238095238095,168,"Gold Cup"
171,100,0.595238095238095,168,"Gold Cup"
173,100,0.595238095238095,168,"Gold Cup"
175,101,0.597633136094675,169,"Gold Cup"
177,101,0.597633136094675,169,"Gold Cup"
179,101,0.597633136094675,169,"Gold Cup"
181,101,0.597633136094675,169,"Gold Cup"
183,101,0.597633136094675,169,"Gold Cup"
185,101,0.597633136094675,169,"Gold Cup"
187,101,0.597633136094675,169,"Gold Cup"
189,101,0.597633136094675,169,"Gold Cup"
191,101,0.597633136094675,169,"Gold Cup"
193,101,0.597633136094675,169,"Gold Cup"
195,101,0.597633136094675,169,"Gold Cup"
197,101,0.597633136094675,169,"Gold Cup"
199,101,0.597633136094675,169,"Gold Cup"
201,101,0.597633136094675,169,"Gold Cup"
203,101,0.597633136094675,169,"Gold Cup"
205,101,0.597633136094675,169,"Gold Cup"
207,101,0.597633136094675,169,"Gold Cup"
209,101,0.597633136094675,169,"Gold Cup"
1,3,0.6,5,"Africa Cup of Nations"
3,12,0.75,16,"Africa Cup of Nations"
5,14,0.7,20,"Africa Cup of Nations"
7,17,0.607142857142857,28,"Africa Cup of Nations"
9,21,0.567567567567568,37,"Africa Cup of Nations"
11,28,0.583333333333333,48,"Africa Cup of Nations"
13,31,0.596153846153846,52,"Africa Cup of Nations"
15,36,0.580645161290323,62,"Africa Cup of Nations"
17,38,0.550724637681159,69,"Africa Cup of Nations"
19,42,0.552631578947368,76,"Africa Cup of Nations"
21,42,0.531645569620253,79,"Africa Cup of Nations"
23,45,0.517241379310345,87,"Africa Cup of Nations"
25,50,0.53763440860215,93,"Africa Cup of Nations"
27,55,0.55,100,"Africa Cup of Nations"
29,58,0.547169811320755,106,"Africa Cup of Nations"
31,58,0.527272727272727,110,"Africa Cup of Nations"
33,59,0.52212389380531,113,"Africa Cup of Nations"
35,60,0.521739130434783,115,"Africa Cup of Nations"
37,62,0.508196721311475,122,"Africa Cup of Nations"
39,64,0.503937007874016,127,"Africa Cup of Nations"
41,68,0.503703703703704,135,"Africa Cup of Nations"
43,69,0.507352941176471,136,"Africa Cup of Nations"
45,70,0.510948905109489,137,"Africa Cup of Nations"
47,70,0.49645390070922,141,"Africa Cup of Nations"
49,71,0.5,142,"Africa Cup of Nations"
51,75,0.506756756756757,148,"Africa Cup of Nations"
53,76,0.5,152,"Africa Cup of Nations"
55,76,0.493506493506494,154,"Africa Cup of Nations"
57,76,0.481012658227848,158,"Africa Cup of Nations"
59,79,0.487654320987654,162,"Africa Cup of Nations"
61,84,0.491228070175439,171,"Africa Cup of Nations"
63,86,0.494252873563218,174,"Africa Cup of Nations"
65,87,0.494318181818182,176,"Africa Cup of Nations"
67,91,0.502762430939227,181,"Africa Cup of Nations"
69,93,0.502702702702703,185,"Africa Cup of Nations"
71,96,0.51063829787234,188,"Africa Cup of Nations"
73,97,0.513227513227513,189,"Africa Cup of Nations"
75,98,0.515789473684211,190,"Africa Cup of Nations"
77,99,0.515625,192,"Africa Cup of Nations"
79,99,0.507692307692308,195,"Africa Cup of Nations"
81,101,0.51010101010101,198,"Africa Cup of Nations"
83,104,0.512315270935961,203,"Africa Cup of Nations"
85,104,0.509803921568627,204,"Africa Cup of Nations"
87,105,0.51219512195122,205,"Africa Cup of Nations"
89,107,0.516908212560386,207,"Africa Cup of Nations"
91,107,0.516908212560386,207,"Africa Cup of Nations"
93,107,0.516908212560386,207,"Africa Cup of Nations"
95,108,0.519230769230769,208,"Africa Cup of Nations"
97,109,0.516587677725118,211,"Africa Cup of Nations"
99,109,0.514150943396226,212,"Africa Cup of Nations"
101,112,0.52093023255814,215,"Africa Cup of Nations"
103,112,0.52093023255814,215,"Africa Cup of Nations"
105,113,0.523148148148148,216,"Africa Cup of Nations"
107,113,0.523148148148148,216,"Africa Cup of Nations"
109,115,0.525114155251142,219,"Africa Cup of Nations"
111,115,0.525114155251142,219,"Africa Cup of Nations"
113,115,0.525114155251142,219,"Africa Cup of Nations"
115,115,0.525114155251142,219,"Africa Cup of Nations"
117,115,0.525114155251142,219,"Africa Cup of Nations"
119,115,0.525114155251142,219,"Africa Cup of Nations"
121,115,0.522727272727273,220,"Africa Cup of Nations"
123,115,0.522727272727273,220,"Africa Cup of Nations"
125,115,0.522727272727273,220,"Africa Cup of Nations"
127,115,0.522727272727273,220,"Africa Cup of Nations"
129,115,0.522727272727273,220,"Africa Cup of Nations"
131,115,0.522727272727273,220,"Africa Cup of Nations"
133,115,0.522727272727273,220,"Africa Cup of Nations"
135,115,0.522727272727273,220,"Africa Cup of Nations"
137,115,0.522727272727273,220,"Africa Cup of Nations"
139,115,0.522727272727273,220,"Africa Cup of Nations"
141,115,0.522727272727273,220,"Africa Cup of Nations"
143,115,0.522727272727273,220,"Africa Cup of Nations"
145,115,0.522727272727273,220,"Africa Cup of Nations"
147,115,0.522727272727273,220,"Africa Cup of Nations"
149,115,0.522727272727273,220,"Africa Cup of Nations"
151,115,0.522727272727273,220,"Africa Cup of Nations"
153,115,0.522727272727273,220,"Africa Cup of Nations"
155,115,0.522727272727273,220,"Africa Cup of Nations"
157,115,0.522727272727273,220,"Africa Cup of Nations"
159,115,0.522727272727273,220,"Africa Cup of Nations"
161,115,0.522727272727273,220,"Africa Cup of Nations"
163,115,0.522727272727273,220,"Africa Cup of Nations"
165,115,0.522727272727273,220,"Africa Cup of Nations"
167,115,0.522727272727273,220,"Africa Cup of Nations"
169,115,0.522727272727273,220,"Africa Cup of Nations"
171,115,0.522727272727273,220,"Africa Cup of Nations"
173,115,0.522727272727273,220,"Africa Cup of Nations"
175,115,0.522727272727273,220,"Africa Cup of Nations"
177,115,0.522727272727273,220,"Africa Cup of Nations"
179,115,0.522727272727273,220,"Africa Cup of Nations"
181,115,0.522727272727273,220,"Africa Cup of Nations"
183,115,0.522727272727273,220,"Africa Cup of Nations"
185,115,0.522727272727273,220,"Africa Cup of Nations"
187,115,0.522727272727273,220,"Africa Cup of Nations"
189,115,0.522727272727273,220,"Africa Cup of Nations"
191,115,0.522727272727273,220,"Africa Cup of Nations"
193,115,0.522727272727273,220,"Africa Cup of Nations"
195,115,0.522727272727273,220,"Africa Cup of Nations"
197,115,0.522727272727273,220,"Africa Cup of Nations"
199,115,0.522727272727273,220,"Africa Cup of Nations"
201,115,0.522727272727273,220,"Africa Cup of Nations"
203,115,0.522727272727273,220,"Africa Cup of Nations"
205,115,0.522727272727273,220,"Africa Cup of Nations"
207,115,0.522727272727273,220,"Africa Cup of Nations"
209,115,0.522727272727273,220,"Africa Cup of Nations"
